0,78,255,22.05; 0,0,196,19.16; 0,37,255,21.25; 0,1,206,19.95; 0,0,190,19.05; 0,61,255,21.75; 0,99,255,22.45; 0,100,255,22.55; 0,21,252,20.75; 0,33,255,21.16; 0,132,255,23.25; 0,27,254,21.05; 0,25,254,21.05; 0,10,251,20.45; 0,23,254,20.84; 0,64,255,21.75; 0,4,238,19.84; 0,90,255,22.45; 0,0,187,18.95; 0,160,255,24.05; 0,7,255,20.55; 0,87,255,22.25; 0,145,255,23.45; 0,152,255,23.55; 0,173,255,24.34; 6,255,250,25.75; 74,255,182,27.25; 124,255,132,28.16; 253,250,2,30.84; 255,113,0,34.06; 235,254,20,30.45; 255,40,0,35.34; 189,0,0,37.44; 255,144,0,33.25; 255,150,0,33.06; 255,221,0,31.45; 255,127,0,33.66; 255,18,0,35.94; 255,129,0,33.34; 255,131,0,33.44; 255,143,0,33.06; 255,49,0,35.16; 255,50,0,35.06; 255,91,0,34.25; 255,56,0,34.84; 255,162,0,32.66; 255,42,0,35.34; 218,255,38,30.16; 255,156,0,32.84; 255,93,0,34.34; 255,31,0,35.84; 255,124,0,33.66; 255,106,0,33.94; 255,159,0,32.75; 255,36,0,35.34; 235,1,0,36.75; 255,133,0,33.44; 255,43,0,35.44; 255,141,0,33.25; 255,134,0,33.44; 255,137,0,33.16; 255,83,0,34.44; 253,25,0,35.75; 255,65,0,35.06; 255,65,0,34.84; 255,216,0,31.75; 255,62,0,34.94; 255,61,0,34.94; 255,100,0,34.06; 128,0,0,38.75; 254,45,0,35.56; 255,146,0,32.84; 255,142,0,33.16; 255,114,0,33.75; 255,73,0,34.56; 255,150,0,33.06; 255,164,0,32.44; 255,55,0,35.06; 255,119,0,33.75; 255,155,0,33.06
0,1,220,19.84; 0,32,254,21.05; 0,79,255,22.16; 0,0,193,19.16; 0,0,187,18.95; 0,0,204,19.55; 0,1,218,19.95; 0,20,251,20.75; 0,131,255,23.34; 0,0,141,18.16; 0,32,255,21.34; 0,147,255,23.66; 0,0,134,17.84; 0,9,250,20.45; 0,160,255,23.95; 0,80,255,22.16; 0,82,255,22.25; 0,57,255,21.45; 0,100,255,22.75; 0,229,255,25.25; 0,94,255,22.34; 0,102,255,22.66; 0,164,255,23.95; 5,251,251,25.75; 6,254,250,25.95; 193,255,63,29.66; 254,249,1,30.95; 178,255,78,29.25; 255,129,0,33.44; 254,244,1,31.25; 255,79,0,34.66; 255,36,0,35.56; 255,80,0,34.56; 255,174,0,32.44; 255,71,0,34.94; 255,129,0,33.56; 255,79,0,34.56; 226,255,30,30.34; 255,75,0,34.75; 255,21,0,35.94; 255,68,0,34.84; 255,111,0,34.06; 255,148,0,33.06; 255,113,0,33.75; 255,155,0,32.94; 255,66,0,34.84; 255,162,0,32.56; 255,129,0,33.56; 254,34,0,35.56; 255,147,0,32.94; 255,89,0,34.44; 255,142,0,33.25; 255,190,0,32.16; 251,7,0,36.25; 254,26,0,35.66; 255,109,0,34.06; 254,233,1,31.45; 255,156,0,32.66; 255,144,0,33.06; 255,58,0,35.06; 255,123,0,33.66; 255,87,0,34.34; 255,102,0,34.06; 255,82,0,34.44; 255,118,0,33.56; 255,70,0,34.66; 233,3,0,36.56; 255,78,0,34.56; 255,55,0,35.16; 255,112,0,33.75; 255,228,0,31.34; 255,106,0,34.16; 229,1,0,36.75; 255,58,0,35.06; 255,72,0,34.75; 245,7,0,36.25; 255,159,0,32.84; 255,212,0,31.55; 255,151,0,33.06; 255,199,0,32.16
0,12,246,20.55; 0,87,255,22.45; 0,0,135,17.84; 0,0,194,19.25; 0,0,135,17.95; 0,0,139,18.16; 0,100,255,22.66; 0,0,136,17.84; 0,49,255,21.55; 0,46,255,21.66; 0,8,245,20.25; 0,0,177,18.75; 0,30,254,21.25; 0,102,255,22.75; 0,112,255,22.95; 0,160,255,23.95; 0,61,255,21.66; 0,105,255,22.84; 0,15,252,20.66; 0,66,255,21.75; 0,103,255,22.75; 1,238,254,25.45; 0,81,255,22.05; 5,253,251,25.95; 201,255,55,29.84; 130,255,126,28.34; 255,131,0,33.56; 255,132,0,33.56; 254,245,1,31.05; 255,27,0,35.84; 255,124,0,33.44; 255,107,0,34.16; 255,128,0,33.56; 148,0,0,38.44; 255,167,0,32.66; 255,145,0,33.06; 255,224,0,31.66; 255,112,0,33.94; 255,84,0,34.44; 255,131,0,33.44; 255,134,0,33.34; 255,134,0,33.34; 255,34,0,35.66; 255,50,0,35.16; 255,37,0,35.56; 255,92,0,34.25; 255,149,0,33.06; 243,10,0,36.44; 255,109,0,33.94; 255,111,0,33.94; 255,118,0,33.66; 255,68,0,34.84; 255,40,0,35.34; 252,11,0,36.16; 255,59,0,34.84; 255,116,0,33.66; 255,38,0,35.34; 221,0,0,37.25; 255,128,0,33.66; 255,59,0,34.94; 244,3,0,36.56; 255,185,0,32.25; 255,116,0,33.66; 255,67,0,34.94; 255,65,0,34.84; 255,65,0,34.94; 253,48,0,35.56; 226,0,0,36.75; 255,194,0,32.34; 217,0,0,37.06; 255,133,0,33.34; 255,144,0,33.06; 255,65,0,34.94; 253,30,0,35.75; 175,0,0,38.06; 221,0,0,37.16; 255,105,0,34.06; 255,54,0,35.16; 236,4,0,36.56; 255,212,0,31.75
0,80,255,21.95; 0,81,255,22.05; 0,85,255,22.55; 0,0,134,17.84; 0,82,255,22.16; 0,0,137,17.84; 0,102,255,22.66; 0,0,209,19.55; 0,0,183,18.84; 0,0,203,19.45; 0,102,255,22.66; 0,1,230,19.95; 0,16,251,20.75; 0,83,255,22.25; 0,74,255,21.95; 0,151,255,23.66; 0,20,251,20.75; 0,26,254,20.84; 0,173,255,24.16; 0,107,255,22.75; 0,136,255,23.45; 0,210,255,24.75; 2,237,254,25.34; 133,255,123,28.45; 89,255,167,27.55; 255,230,0,31.45; 255,142,0,33.25; 255,192,0,32.16; 255,162,0,32.56; 255,126,0,33.56; 255,118,0,33.75; 255,122,0,33.56; 255,185,0,32.34; 255,182,0,32.34; 255,215,0,31.45; 255,89,0,34.25; 255,131,0,33.44; 255,70,0,34.94; 255,89,0,34.25; 255,139,0,33.16; 255,155,0,32.75; 255,113,0,33.94; 255,162,0,32.44; 252,19,0,36.16; 255,44,0,35.34; 255,68,0,34.75; 255,123,0,33.56; 255,108,0,33.94; 255,98,0,34.25; 255,72,0,34.75; 255,81,0,34.56; 255,194,0,31.95; 254,26,0,35.75; 255,57,0,34.94; 252,9,0,36.34; 255,100,0,34.06; 248,249,7,30.84; 252,11,0,36.25; 255,44,0,35.25; 255,67,0,34.84; 255,198,0,31.84; 255,84,0,34.34; 251,12,0,36.16; 255,138,0,33.06; 255,214,0,31.75; 255,125,0,33.44; 255,104,0,34.06; 214,0,0,37.44; 255,92,0,34.44; 255,219,0,31.66; 255,193,0,32.25; 255,131,0,33.34; 255,128,0,33.56; 255,116,0,33.84; 255,150,0,32.84; 255,104,0,34.16; 255,133,0,33.34; 255,129,0,33.44; 255,96,0,34.25; 255,93,0,34.25
0,0,133,17.84; 0,1,232,19.84; 0,12,250,20.66; 0,0,159,18.66; 0,20,252,20.95; 0,123,255,23.25; 0,0,211,19.75; 0,0,201,19.34; 0,54,255,21.55; 0,0,207,19.45; 0,7,244,20.55; 0,0,182,18.75; 0,4,240,20.25; 0,0,225,19.66; 0,93,255,22.55; 0,47,255,21.25; 0,2,226,19.84; 0,58,255,21.66; 0,78,255,22.05; 0,111,255,22.84; 0,54,255,21.34; 48,255,208,26.66; 89,255,167,27.55; 132,255,124,28.45; 169,255,87,29.16; 255,172,0,32.44; 249,4,0,36.44; 254,26,0,35.56; 255,222,0,31.55; 255,137,0,33.25; 255,113,0,33.94; 255,112,0,34.06; 255,114,0,33.75; 255,67,0,35.06; 255,144,0,33.16; 255,106,0,34.06; 255,61,0,35.34; 255,135,0,33.34; 255,129,0,33.56; 255,91,0,34.34; 186,255,70,29.55; 255,231,0,31.25; 255,234,0,31.16; 255,32,0,35.66; 255,91,0,34.25; 255,87,0,34.34; 255,115,0,33.75; 255,130,0,33.16; 255,118,0,33.66; 255,120,0,33.66; 253,18,0,36.16; 255,37,0,35.56; 255,57,0,34.84; 255,95,0,34.06; 255,60,0,34.75; 253,16,0,35.84; 254,20,0,35.75; 255,106,0,33.94; 255,103,0,34.06; 250,11,0,36.16; 249,5,0,36.44; 255,171,0,32.66; 255,108,0,33.84; 255,84,0,34.34; 255,60,0,34.94; 255,125,0,33.44; 255,68,0,34.75; 255,216,0,31.66; 255,218,0,31.45; 224,2,0,36.56; 255,115,0,33.94; 255,79,0,34.66; 221,0,0,37.06; 255,171,0,32.25; 255,117,0,33.75; 255,144,0,32.94; 255,44,0,35.25; 255,69,0,34.84; 255,87,0,34.44; 254,29,0,35.66
0,39,254,21.25; 0,86,255,22.55; 0,8,247,20.25; 0,69,255,21.84; 0,79,255,22.05; 0,36,254,21.25; 0,0,208,19.66; 0,0,152,18.25; 0,0,171,18.55; 0,0,220,19.95; 0,27,253,21.05; 0,56,255,21.55; 0,208,255,24.75; 0,0,165,18.45; 0,60,255,21.66; 0,83,255,22.34; 0,1,226,19.75; 0,102,255,22.66; 0,125,255,23.25; 0,64,255,21.84; 0,190,255,24.45; 68,255,188,27.05; 87,255,169,27.45; 225,255,31,30.34; 223,255,33,30.25; 225,255,31,30.25; 255,121,0,33.94; 255,33,0,35.34; 255,148,0,33.06; 254,242,1,30.95; 255,120,0,33.75; 255,103,0,34.25; 255,210,0,31.84; 255,140,0,33.06; 255,195,0,32.06; 255,70,0,34.84; 255,80,0,34.66; 255,78,0,34.66; 255,69,0,34.94; 255,136,0,33.34; 255,71,0,34.75; 255,134,0,33.44; 225,2,0,36.94; 255,41,0,35.34; 255,53,0,34.94; 189,0,0,37.84; 255,191,0,31.95; 207,0,0,37.25; 254,28,0,35.84; 249,11,0,36.44; 255,40,0,35.34; 255,150,0,32.94; 254,34,0,35.56; 255,140,0,33.34; 255,183,0,32.25; 255,190,0,32.06; 234,255,22,30.45; 255,80,0,34.56; 255,79,0,34.44; 255,48,0,35.34; 253,19,0,35.75; 255,66,0,34.84; 255,114,0,33.75; 252,16,0,35.75; 254,26,0,35.56; 255,125,0,33.66; 248,8,0,36.44; 255,121,0,33.66; 255,124,0,33.44; 254,37,0,35.44; 254,31,0,35.56; 255,128,0,33.34; 255,125,0,33.44; 255,110,0,34.06; 255,66,0,34.84; 230,3,0,36.75; 255,126,0,33.34; 255,97,0,34.16; 253,19,0,35.94; 255,103,0,34.06
0,85,255,22.16; 0,80,255,22.16; 0,82,255,22.16; 0,5,241,20.16; 0,20,252,20.95; 0,0,181,18.95; 0,139,255,23.34; 0,0,166,18.34; 0,69,255,22.16; 0,0,202,19.34; 0,0,225,19.84; 0,71,255,21.95; 0,83,255,22.34; 0,61,255,21.55; 0,100,255,23.05; 0,81,255,22.16; 0,2,227,19.95; 4,254,252,25.75; 0,99,255,22.55; 0,128,255,23.45; 47,255,209,26.66; 112,255,144,28.05; 181,255,75,29.45; 236,254,20,30.66; 255,90,0,34.56; 255,139,0,33.25; 255,147,0,32.94; 255,157,0,32.84; 255,131,0,33.56; 255,151,0,32.94; 255,57,0,35.16; 255,109,0,34.06; 255,83,0,34.66; 245,4,0,36.44; 255,102,0,34.06; 255,94,0,34.25; 255,147,0,33.06; 255,98,0,34.16; 255,160,0,32.84; 255,162,0,32.75; 255,196,0,32.06; 255,210,0,31.75; 255,98,0,34.16; 255,115,0,33.75; 255,154,0,32.94; 255,44,0,35.34; 255,49,0,35.16; 255,41,0,35.44; 255,53,0,34.94; 255,41,0,35.34; 255,101,0,34.06; 255,48,0,35.06; 255,39,0,35.44; 255,47,0,35.16; 249,11,0,36.34; 255,71,0,34.66; 255,129,0,33.44; 255,113,0,33.75; 253,27,0,35.66; 255,147,0,33.06; 255,65,0,34.84; 255,68,0,34.75; 255,174,0,32.34; 234,1,0,36.94; 246,6,0,36.34; 244,6,0,36.34; 251,21,0,35.75; 255,204,0,32.16; 255,110,0,33.94; 255,120,0,33.66; 255,82,0,34.66; 255,106,0,34.06; 255,132,0,33.16; 254,34,0,35.56; 255,105,0,33.94; 254,35,0,35.56; 254,27,0,35.75; 255,29,0,35.56; 255,180,0,32.44; 255,179,0,32.66
0,0,131,17.84; 6,255,250,25.84; 0,17,252,20.84; 0,15,251,20.66; 0,82,255,22.34; 0,0,176,18.84; 0,51,255,21.55; 0,0,202,19.34; 0,149,255,23.84; 0,1,226,20.05; 0,5,245,20.55; 0,129,255,23.16; 0,58,255,21.66; 0,75,255,22.05; 0,50,255,21.34; 0,84,255,22.34; 0,47,255,21.25; 0,57,255,21.55; 4,253,252,25.75; 72,255,184,27.34; 156,255,100,28.84; 227,255,29,30.25; 250,247,5,31.05; 255,81,0,34.66; 255,129,0,33.34; 255,121,0,33.84; 247,6,0,36.25; 214,0,0,37.16; 255,44,0,35.44; 255,155,0,32.84; 255,61,0,35.06; 255,118,0,33.66; 255,221,0,31.34; 255,105,0,34.06; 255,104,0,34.06; 255,100,0,34.16; 255,165,0,32.75; 255,17,0,36.16; 255,217,0,31.34; 198,255,58,29.75; 255,136,0,33.34; 255,187,0,32.34; 255,38,0,35.56; 255,35,0,35.56; 255,164,0,32.75; 255,183,0,32.16; 255,147,0,33.25; 255,130,0,33.66; 255,43,0,35.44; 255,146,0,32.94; 255,143,0,33.25; 255,45,0,35.06; 254,38,0,35.56; 255,54,0,34.84; 255,147,0,33.06; 245,9,0,36.25; 255,146,0,32.94; 179,0,0,37.75; 239,1,0,36.75; 255,68,0,34.84; 255,65,0,34.75; 247,9,0,36.25; 249,9,0,36.16; 239,2,0,36.66; 255,135,0,33.16; 255,91,0,34.56; 253,33,0,35.44; 181,0,0,37.66; 255,126,0,33.25; 255,115,0,33.84; 252,24,0,35.84; 255,118,0,33.66; 255,184,0,32.16; 255,104,0,33.94; 235,5,0,36.66; 255,76,0,34.66; 255,61,0,34.94; 255,106,0,33.75; 255,179,0,32.34; 254,21,0,35.94
0,3,229,20.05; 0,19,253,20.84; 0,91,255,22.55; 0,2,230,19.84; 0,0,176,18.66; 0,2,230,19.95; 0,152,255,23.55; 0,5,240,20.45; 0,0,208,19.45; 0,0,188,18.95; 0,142,255,23.45; 0,135,255,23.34; 0,8,251,20.55; 0,99,255,22.66; 9,250,247,25.95; 0,87,255,22.34; 0,45,255,21.25; 0,117,255,22.95; 13,255,243,26.05; 112,255,144,27.95; 48,255,208,26.66; 184,255,72,29.55; 255,87,0,34.56; 255,112,0,34.06; 255,131,0,33.44; 255,125,0,33.66; 202,255,54,29.84; 255,145,0,33.06; 255,118,0,33.84; 255,167,0,32.56; 255,69,0,34.84; 255,126,0,33.34; 255,105,0,34.06; 255,199,0,31.95; 255,107,0,33.94; 255,59,0,35.06; 255,187,0,32.25; 255,124,0,33.44; 255,93,0,34.34; 255,200,0,31.95; 255,46,0,35.44; 255,178,0,32.56; 255,59,0,34.94; 252,20,0,36.34; 255,140,0,33.25; 255,117,0,33.75; 255,50,0,35.06; 255,88,0,34.34; 255,42,0,35.34; 255,209,0,31.66; 255,76,0,34.44; 248,15,0,36.25; 255,148,0,33.06; 255,144,0,33.06; 230,1,0,36.94; 254,33,0,35.66; 255,122,0,33.75; 236,2,0,36.66; 170,0,0,38.25; 255,126,0,33.56; 247,7,0,36.25; 231,1,0,36.94; 254,38,0,35.44; 255,102,0,33.94; 163,0,0,38.16; 165,0,0,38.25; 168,0,0,37.94; 255,113,0,33.75; 235,1,0,36.75; 255,105,0,34.16; 226,255,30,30.34; 255,104,0,34.06; 255,83,0,34.66; 255,89,0,34.34; 254,32,0,35.66; 255,94,0,34.16; 255,68,0,34.75; 226,4,0,36.94; 255,23,0,35.75; 202,0,0,37.56
0,113,255,22.95; 0,48,255,21.55; 0,0,184,19.05; 0,118,255,23.05; 0,65,255,22.05; 0,175,255,24.34; 0,41,255,21.34; 0,49,255,21.45; 0,0,133,17.84; 0,0,133,17.84; 0,54,255,21.55; 0,171,255,24.25; 0,0,218,19.55; 33,255,223,26.45; 1,220,254,25.25; 0,216,255,25.05; 0,161,255,23.84; 0,205,255,24.66; 207,255,49,29.84; 52,255,204,26.84; 229,254,27,30.55; 255,202,0,32.06; 255,131,0,33.44; 255,125,0,33.44; 255,130,0,33.25; 255,125,0,33.56; 255,120,0,33.75; 255,123,0,33.66; 255,115,0,33.84; 255,168,0,32.56; 255,224,0,31.45; 255,113,0,33.84; 212,0,0,37.06; 255,200,0,32.06; 255,170,0,32.75; 255,109,0,33.84; 255,46,0,35.34; 255,106,0,34.06; 255,91,0,34.44; 255,108,0,34.06; 255,133,0,33.34; 255,44,0,35.34; 255,75,0,34.66; 255,114,0,33.84; 255,163,0,32.66; 255,41,0,35.44; 255,68,0,34.75; 255,144,0,32.94; 255,203,0,31.95; 255,121,0,33.66; 255,44,0,35.25; 255,203,0,31.95; 209,0,0,37.25; 255,44,0,35.25; 255,44,0,35.25; 255,57,0,34.94; 255,134,0,33.34; 255,77,0,34.56; 235,1,0,36.56; 255,155,0,32.94; 255,75,0,34.56; 255,94,0,34.16; 255,44,0,35.25; 252,19,0,35.84; 255,84,0,34.56; 255,206,0,31.66; 255,106,0,34.06; 242,0,0,36.66; 255,195,0,32.16; 243,2,0,36.44; 255,109,0,33.84; 255,77,0,34.94; 255,134,0,33.16; 255,94,0,34.25; 255,78,0,34.66; 251,255,5,30.95; 255,101,0,33.94; 249,255,6,30.75; 255,82,0,34.44; 255,52,0,35.06
0,46,255,21.45; 0,44,255,21.45; 0,1,230,19.84; 0,18,253,20.84; 0,8,243,20.45; 0,145,255,23.66; 0,15,251,20.66; 0,2,233,20.05; 0,0,180,18.84; 0,59,255,21.84; 0,61,255,21.84; 0,9,250,20.55; 0,0,160,18.45; 0,26,255,21.05; 0,94,255,22.34; 0,174,255,24.16; 0,133,255,23.25; 0,161,255,23.75; 211,255,45,30.05; 159,255,97,28.84; 254,228,1,31.25; 255,216,0,31.66; 188,0,0,37.56; 255,71,0,34.84; 255,114,0,33.94; 254,38,0,35.56; 255,132,0,33.16; 255,111,0,34.06; 255,228,0,31.25; 255,106,0,34.16; 255,99,0,34.25; 255,197,0,32.06; 255,89,0,34.44; 255,120,0,33.66; 255,111,0,33.75; 255,48,0,35.25; 255,105,0,34.16; 255,43,0,35.44; 255,122,0,33.66; 255,124,0,33.56; 255,213,0,31.45; 255,86,0,34.56; 255,179,0,32.25; 255,112,0,33.84; 255,118,0,33.66; 255,109,0,33.94; 254,31,0,35.75; 255,99,0,34.25; 255,116,0,33.66; 255,117,0,33.66; 250,7,0,36.34; 190,0,0,37.75; 255,59,0,34.94; 255,60,0,34.94; 255,109,0,34.06; 255,127,0,33.56; 255,120,0,33.66; 255,47,0,35.25; 252,29,0,35.56; 255,177,0,32.25; 255,170,0,32.56; 254,28,0,35.66; 255,117,0,33.44; 255,79,0,34.66; 255,40,0,35.34; 255,110,0,33.66; 255,195,0,32.34; 255,105,0,34.16; 247,1,0,36.16; 243,1,0,36.25; 210,0,0,37.44; 255,102,0,34.16; 255,99,0,34.16; 255,75,0,34.94; 255,139,0,32.94; 255,47,0,35.34; 250,15,0,36.16; 255,51,0,35.06; 255,162,0,32.84; 255,26,0,35.56
0,0,140,17.84; 0,11,250,20.55; 0,0,183,18.95; 0,36,255,21.25; 0,38,255,21.34; 0,0,213,19.45; 0,35,254,21.16; 0,50,255,21.75; 0,8,244,20.34; 0,126,255,23.16; 0,13,251,20.75; 0,74,255,21.95; 0,130,255,23.25; 0,122,255,23.05; 0,126,255,23.05; 24,255,232,26.16; 22,255,234,26.16; 85,255,171,27.45; 162,255,94,29.16; 227,255,29,30.34; 255,148,0,33.06; 255,76,0,34.66; 255,121,0,33.75; 255,126,0,33.56; 255,211,0,31.95; 255,59,0,35.16; 255,115,0,33.94; 255,116,0,33.75; 255,224,0,31.66; 255,45,0,35.44; 255,50,0,35.25; 255,132,0,33.44; 255,193,0,32.25; 255,132,0,33.34; 255,49,0,35.16; 255,106,0,34.16; 255,65,0,34.75; 255,124,0,33.34; 255,49,0,35.25; 255,49,0,35.25; 255,127,0,33.44; 255,182,0,32.34; 255,147,0,33.06; 255,113,0,33.75; 255,74,0,34.75; 255,112,0,33.84; 255,100,0,34.25; 255,38,0,35.44; 255,116,0,33.66; 255,112,0,33.75; 254,22,0,35.75; 255,94,0,34.34; 255,100,0,34.16; 255,28,0,35.75; 254,30,0,35.75; 254,28,0,35.84; 218,1,0,37.06; 255,69,0,34.66; 200,0,0,37.56; 255,173,0,32.66; 245,5,0,36.25; 255,104,0,33.84; 255,170,0,32.75; 255,92,0,34.34; 247,3,0,36.44; 246,6,0,36.34; 248,7,0,36.16; 255,109,0,33.84; 255,110,0,33.94; 255,136,0,33.16; 255,111,0,33.94; 255,220,0,31.45; 255,102,0,34.06; 255,89,0,34.56; 255,97,0,34.06; 255,96,0,34.16; 254,18,0,35.94; 255,159,0,32.84; 255,130,0,33.44; 255,76,0,34.56
0,2,241,20.34; 0,77,255,22.25; 0,94,255,22.55; 0,4,242,20.16; 0,0,162,18.55; 0,0,141,17.95; 0,101,255,22.66; 0,109,255,22.84; 0,19,253,20.95; 0,110,255,22.84; 0,155,255,23.84; 0,17,253,20.84; 0,88,255,22.16; 0,2,230,19.95; 0,183,255,24.25; 54,255,202,26.84; 22,255,234,26.16; 52,255,204,26.75; 255,165,0,32.75; 255,77,0,34.66; 255,126,0,33.66; 255,162,0,32.75; 255,140,0,33.16; 255,215,0,31.55; 255,206,0,31.95; 255,115,0,33.84; 255,97,0,34.44; 245,9,0,36.44; 255,126,0,33.34; 210,255,46,30.05; 255,61,0,34.94; 255,138,0,33.16; 255,146,0,32.94; 251,7,0,36.25; 253,10,0,36.06; 255,67,0,34.75; 254,11,0,36.16; 255,120,0,33.66; 255,120,0,33.66; 255,200,0,31.95; 255,158,0,32.84; 255,91,0,34.44; 255,103,0,34.16; 255,170,0,32.56; 255,36,0,35.44; 255,116,0,33.44; 231,3,0,36.75; 255,98,0,34.44; 249,13,0,36.16; 255,94,0,34.56; 255,111,0,33.94; 255,112,0,33.75; 255,107,0,33.84; 255,126,0,33.25; 255,72,0,34.66; 220,1,0,37.16; 244,9,0,36.34; 255,79,0,34.56; 233,1,0,36.66; 255,69,0,34.84; 255,78,0,34.66; 255,94,0,34.25; 255,100,0,34.06; 255,57,0,35.06; 255,96,0,34.16; 244,3,0,36.56; 255,101,0,34.16; 255,52,0,35.06; 255,55,0,34.94; 255,179,0,32.34; 255,120,0,33.66; 255,124,0,33.44; 255,122,0,33.56; 255,95,0,34.25; 255,86,0,34.44; 231,1,0,36.94; 223,1,0,37.06; 255,29,0,35.75; 255,111,0,33.84; 255,171,0,32.16
0,0,136,18.05; 0,0,190,19.05; 0,0,196,19.34; 0,114,255,22.95; 0,52,255,21.66; 0,40,255,21.16; 0,76,255,22.25; 0,45,255,21.34; 0,6,242,20.16; 0,0,163,18.55; 0,2,239,20.05; 0,0,223,19.55; 0,142,255,23.55; 0,115,255,22.75; 21,255,235,26.16; 87,255,169,27.55; 63,255,193,27.05; 237,253,19,30.66; 255,191,0,32.06; 255,114,0,33.94; 255,122,0,33.75; 255,185,0,32.34; 255,45,0,35.34; 255,219,0,31.45; 255,101,0,34.25; 255,120,0,33.66; 255,225,0,31.25; 255,114,0,33.66; 255,183,0,32.44; 255,100,0,34.25; 255,215,0,31.75; 255,229,0,31.05; 254,20,0,35.66; 255,137,0,33.44; 255,180,0,32.34; 255,135,0,33.34; 255,51,0,35.16; 255,44,0,35.44; 173,0,0,37.84; 255,91,0,34.34; 255,89,0,34.56; 252,15,0,36.06; 213,1,0,37.25; 255,29,0,35.66; 255,30,0,35.66; 255,110,0,33.84; 255,108,0,33.94; 255,172,0,32.44; 255,116,0,33.56; 255,115,0,33.75; 255,35,0,35.44; 253,16,0,36.06; 255,122,0,33.56; 255,69,0,34.75; 255,34,0,35.34; 255,124,0,33.34; 254,23,0,35.66; 255,97,0,33.94; 255,225,0,31.34; 255,77,0,34.75; 235,1,0,36.56; 255,179,0,32.34; 242,0,0,36.44; 255,93,0,34.25; 255,232,0,31.16; 255,57,0,34.94; 255,43,0,35.25; 254,30,0,35.75; 255,177,0,32.34; 194,0,0,37.44; 255,163,0,32.66; 255,110,0,33.94; 255,207,0,31.84; 255,97,0,34.16; 249,7,0,36.16; 255,193,0,32.25; 255,83,0,34.56; 255,148,0,33.16; 255,51,0,35.16; 255,99,0,34.16
0,0,196,19.34; 0,51,255,21.55; 0,0,136,17.84; 0,22,252,20.75; 0,124,255,23.25; 0,61,255,21.84; 0,183,255,24.45; 0,31,253,20.95; 0,0,161,18.55; 0,166,255,24.05; 0,122,255,22.95; 0,102,255,22.55; 0,204,255,24.66; 0,172,255,24.05; 0,212,255,24.84; 2,235,253,25.45; 254,222,1,31.34; 255,153,0,33.06; 255,189,0,32.16; 255,122,0,33.75; 255,52,0,35.06; 255,145,0,33.16; 255,207,0,31.84; 255,136,0,33.44; 255,39,0,35.56; 255,78,0,34.66; 255,168,0,32.66; 255,104,0,34.06; 200,0,0,37.56; 255,212,0,31.84; 220,1,0,37.06; 255,139,0,33.25; 255,224,0,31.45; 255,139,0,33.56; 255,227,0,31.34; 255,159,0,32.75; 255,79,0,34.56; 169,0,0,38.25; 255,102,0,34.06; 255,191,0,32.06; 246,7,0,36.34; 255,108,0,33.75; 255,105,0,33.94; 255,28,0,35.75; 255,104,0,34.06; 255,218,0,31.66; 255,44,0,35.25; 255,111,0,33.75; 218,0,0,37.06; 255,91,0,34.56; 255,132,0,33.25; 206,0,0,37.44; 255,47,0,35.25; 255,97,0,34.25; 255,199,0,32.25; 255,94,0,34.16; 255,80,0,34.66; 248,6,0,36.16; 221,0,0,37.16; 255,91,0,34.25; 255,103,0,34.06; 255,117,0,33.56; 238,1,0,36.75; 255,115,0,33.66; 255,218,0,31.55; 255,45,0,35.25; 255,38,0,35.44; 195,0,0,37.56; 255,127,0,33.44; 255,129,0,33.56; 255,138,0,33.25; 255,69,0,34.75; 255,142,0,32.94; 248,9,0,36.25; 255,77,0,34.66; 255,92,0,34.16; 255,64,0,34.84; 255,47,0,35.34; 255,162,0,32.75; 255,44,0,35.34
0,0,133,17.84; 0,12,251,20.55; 0,168,255,24.05; 0,162,255,23.84; 0,0,167,18.66; 0,59,255,21.75; 0,58,255,21.75; 0,58,255,21.75; 0,5,240,20.25; 0,127,255,23.16; 0,87,255,22.25; 0,131,255,23.16; 0,145,255,23.55; 0,214,255,24.95; 9,250,247,25.84; 18,255,238,26.16; 255,114,0,33.84; 255,105,0,34.34; 255,12,0,36.16; 226,255,30,30.25; 255,126,0,33.66; 255,135,0,33.34; 255,50,0,35.06; 255,163,0,32.75; 255,144,0,33.16; 255,167,0,32.66; 255,177,0,32.16; 255,104,0,34.06; 247,3,0,36.34; 255,44,0,35.34; 250,12,0,36.06; 255,82,0,34.56; 251,14,0,36.06; 244,2,0,36.84; 250,9,0,36.34; 255,164,0,32.75; 248,10,0,36.25; 255,46,0,35.25; 255,154,0,32.84; 232,1,0,36.94; 255,124,0,33.56; 254,25,0,35.75; 255,110,0,33.75; 255,139,0,33.16; 255,43,0,35.25; 255,38,0,35.44; 255,98,0,34.25; 255,108,0,33.84; 255,38,0,35.34; 255,115,0,33.84; 246,4,0,36.34; 255,141,0,32.94; 222,255,34,30.25; 255,110,0,34.06; 254,23,0,35.84; 254,23,0,35.84; 255,201,0,32.16; 255,92,0,34.25; 255,106,0,33.75; 255,58,0,35.25; 255,110,0,33.75; 255,117,0,33.66; 255,79,0,34.75; 239,3,0,36.44; 255,153,0,32.94; 255,167,0,32.84; 255,39,0,35.44; 255,71,0,34.44; 255,31,0,35.75; 255,46,0,35.25; 255,100,0,34.16; 255,106,0,33.94; 205,0,0,37.25; 255,28,0,35.75; 255,71,0,34.84; 255,93,0,34.16; 255,184,0,32.16; 254,230,1,31.25; 255,56,0,34.94; 255,155,0,33.06
0,0,204,19.55; 0,0,199,19.25; 0,36,255,21.25; 0,0,135,17.84; 0,0,222,19.84; 0,62,255,21.95; 0,111,255,22.95; 0,55,255,21.55; 0,50,254,21.34; 0,43,254,21.25; 0,225,255,25.34; 0,84,255,22.16; 0,213,255,24.95; 4,244,251,25.75; 160,255,96,29.16; 255,217,0,31.55; 255,119,0,33.75; 255,193,0,32.06; 255,149,0,33.06; 255,159,0,32.75; 255,42,0,35.34; 255,59,0,34.84; 254,13,0,36.16; 255,193,0,32.06; 255,135,0,33.34; 255,58,0,35.16; 255,71,0,34.75; 255,80,0,34.56; 255,158,0,32.94; 255,112,0,33.75; 255,49,0,35.06; 255,218,0,31.84; 222,255,34,30.25; 255,147,0,33.16; 254,25,0,35.56; 255,70,0,34.75; 182,0,0,37.56; 255,98,0,34.06; 255,104,0,34.06; 255,88,0,34.56; 255,98,0,34.25; 255,76,0,34.75; 255,105,0,33.94; 255,47,0,35.25; 255,80,0,34.56; 255,239,0,31.05; 255,72,0,34.66; 255,108,0,33.84; 255,105,0,34.06; 255,172,0,32.25; 255,143,0,33.16; 255,134,0,33.34; 255,49,0,35.06; 255,212,0,31.66; 255,209,0,31.75; 255,104,0,33.94; 224,2,0,36.94; 255,75,0,34.66; 250,7,0,36.25; 249,5,0,36.25; 251,20,0,35.84; 255,118,0,33.66; 255,101,0,34.16; 255,196,0,32.06; 255,196,0,32.16; 255,53,0,35.06; 252,15,0,36.16; 255,45,0,35.25; 255,42,0,35.34; 255,160,0,32.56; 185,0,0,37.56; 254,30,0,35.84; 255,43,0,35.44; 255,55,0,35.06; 255,132,0,33.25; 255,86,0,34.34; 213,0,0,37.25; 254,40,0,35.66; 255,48,0,35.16; 255,149,0,33.06
0,0,186,18.84; 0,201,255,24.75; 0,34,254,21.25; 0,71,255,22.16; 0,62,255,21.75; 0,0,192,18.95; 0,0,217,19.45; 0,3,236,20.25; 0,0,231,19.95; 0,141,255,23.45; 0,154,255,23.84; 0,205,255,24.55; 155,255,101,28.84; 15,255,241,26.05; 250,248,6,30.84; 198,255,58,29.75; 255,124,0,33.56; 255,107,0,34.34; 254,22,0,35.84; 255,159,0,32.66; 255,135,0,33.44; 255,55,0,34.94; 255,125,0,33.66; 255,117,0,33.84; 255,166,0,32.75; 255,114,0,33.75; 255,76,0,34.66; 255,65,0,34.94; 255,64,0,34.84; 255,127,0,33.56; 249,6,0,36.44; 254,31,0,35.56; 254,27,0,35.56; 255,206,0,31.84; 255,202,0,31.95; 255,45,0,35.25; 254,30,0,35.66; 255,125,0,33.66; 255,40,0,35.44; 255,150,0,33.06; 255,128,0,33.44; 246,255,10,30.75; 255,155,0,32.66; 255,63,0,34.84; 255,85,0,34.34; 255,141,0,33.16; 255,40,0,35.44; 254,20,0,35.84; 255,47,0,35.16; 240,2,0,36.75; 248,7,0,36.25; 255,131,0,33.44; 249,10,0,36.16; 255,111,0,33.94; 255,35,0,35.34; 222,1,0,37.16; 253,20,0,35.84; 255,155,0,32.94; 255,68,0,34.84; 255,75,0,34.66; 255,79,0,34.56; 255,148,0,32.94; 255,148,0,33.06; 255,109,0,33.84; 255,208,0,31.75; 245,2,0,36.66; 254,26,0,35.84; 255,66,0,34.66; 255,62,0,34.84; 177,0,0,37.84; 255,75,0,34.56; 255,47,0,35.34; 255,85,0,34.25; 215,0,0,37.16; 255,98,0,34.06; 255,43,0,35.44; 255,104,0,34.06; 255,154,0,32.84; 255,128,0,33.66; 236,254,20,30.55
0,0,210,19.55; 0,21,253,20.95; 0,72,255,22.16; 0,8,240,20.55; 0,0,224,19.75; 0,0,228,19.95; 0,0,229,20.05; 0,0,228,20.05; 0,71,255,22.05; 0,72,255,22.05; 0,215,255,24.84; 93,255,163,27.55; 252,244,3,31.16; 154,255,102,28.75; 95,255,161,27.66; 255,120,0,33.66; 255,190,0,32.25; 255,130,0,33.44; 246,255,10,30.75; 255,159,0,32.84; 255,57,0,34.94; 254,9,0,36.16; 255,45,0,35.34; 255,93,0,34.25; 255,111,0,33.84; 255,83,0,34.44; 255,157,0,32.84; 255,32,0,35.66; 251,9,0,36.16; 255,115,0,33.84; 255,215,0,31.55; 255,139,0,33.16; 254,22,0,35.75; 255,63,0,34.75; 255,100,0,33.94; 255,81,0,34.34; 255,167,0,32.75; 255,151,0,33.06; 255,64,0,34.94; 255,164,0,32.56; 255,159,0,32.75; 255,105,0,33.84; 252,18,0,35.84; 252,8,0,36.25; 255,65,0,34.94; 255,143,0,33.16; 255,14,0,35.94; 255,95,0,34.25; 251,11,0,36.16; 255,156,0,32.84; 255,78,0,34.56; 225,0,0,37.16; 255,44,0,35.06; 255,133,0,33.25; 253,18,0,35.94; 255,37,0,35.25; 255,211,0,31.84; 255,104,0,33.84; 195,0,0,37.66; 255,70,0,34.75; 255,72,0,34.75; 255,82,0,34.44; 255,74,0,34.75; 255,72,0,34.84; 255,150,0,32.94; 255,80,0,34.44; 255,76,0,34.44; 255,118,0,33.56; 255,88,0,34.06; 255,59,0,34.84; 176,0,0,37.94; 255,222,0,31.45; 255,54,0,35.16; 255,50,0,35.06; 255,66,0,34.84; 231,3,0,36.66; 255,109,0,33.94; 255,125,0,33.56; 255,50,0,35.25; 255,145,0,33.16
0,6,246,20.34; 0,0,139,17.95; 0,2,237,20.16; 0,125,255,23.05; 0,0,225,19.75; 0,176,255,24.16; 0,179,255,24.34; 0,198,255,24.84; 0,73,255,22.05; 0,136,255,23.16; 52,255,204,26.75; 0,224,255,25.16; 114,255,142,28.05; 119,255,137,28.25; 236,255,20,30.45; 255,195,0,32.06; 255,114,0,33.84; 255,113,0,33.84; 255,147,0,33.06; 255,124,0,33.66; 255,38,0,35.44; 253,9,0,36.25; 253,9,0,36.25; 255,67,0,34.75; 255,130,0,33.34; 200,0,0,37.44; 255,175,0,32.25; 255,126,0,33.66; 255,152,0,32.94; 255,183,0,32.34; 255,83,0,34.44; 255,128,0,33.44; 255,101,0,34.06; 255,59,0,34.94; 251,15,0,36.16; 255,62,0,34.84; 255,72,0,34.56; 255,37,0,35.44; 255,132,0,33.56; 255,35,0,35.56; 232,4,0,36.66; 234,1,0,36.94; 255,83,0,34.44; 255,75,0,34.66; 255,94,0,34.06; 255,17,0,35.94; 203,0,0,37.34; 255,105,0,33.94; 255,194,0,31.84; 255,41,0,35.25; 255,79,0,34.44; 254,29,0,35.66; 232,3,0,36.75; 255,112,0,33.84; 255,32,0,35.34; 235,4,0,36.66; 255,223,0,31.34; 230,1,0,36.84; 255,51,0,35.34; 255,182,0,32.16; 255,71,0,34.66; 255,163,0,32.56; 255,61,0,35.25; 255,80,0,34.56; 255,101,0,33.84; 255,58,0,35.06; 247,5,0,36.16; 255,51,0,35.25; 255,42,0,35.44; 255,72,0,34.66; 255,77,0,34.56; 255,35,0,35.56; 255,37,0,35.66; 255,70,0,34.75; 255,71,0,34.75; 255,105,0,34.06; 255,121,0,33.44; 255,202,0,31.75; 255,54,0,35.16; 255,117,0,34.06
0,0,177,18.84; 0,27,254,21.16; 0,78,255,22.05; 0,164,255,24.05; 0,171,255,24.05; 26,255,230,26.25; 0,62,255,21.75; 0,180,255,24.34; 0,172,255,24.05; 0,144,255,23.34; 0,231,255,25.55; 254,232,1,31.45; 189,255,67,29.55; 247,248,9,30.75; 255,150,0,33.06; 254,219,1,31.34; 255,93,0,34.56; 255,109,0,33.94; 249,9,0,36.44; 255,76,0,34.75; 255,139,0,33.16; 254,22,0,35.84; 255,97,0,34.16; 255,46,0,35.16; 255,103,0,34.06; 254,26,0,35.75; 255,121,0,33.75; 255,61,0,34.84; 255,42,0,35.25; 255,149,0,32.94; 255,102,0,34.16; 255,209,0,31.75; 246,252,10,30.66; 246,5,0,36.44; 254,25,0,35.66; 252,244,3,31.05; 250,7,0,36.44; 254,26,0,35.75; 255,81,0,34.44; 255,151,0,33.06; 255,190,0,32.06; 255,92,0,34.16; 255,145,0,33.25; 250,10,0,36.16; 255,181,0,32.34; 188,0,0,37.84; 255,91,0,34.34; 254,15,0,35.94; 254,18,0,35.94; 255,97,0,34.06; 255,170,0,32.84; 255,37,0,35.34; 254,23,0,35.84; 254,25,0,35.75; 255,150,0,32.84; 254,24,0,35.56; 249,13,0,36.06; 255,82,0,34.56; 255,122,0,33.66; 239,2,0,36.44; 255,108,0,33.84; 255,129,0,33.44; 255,87,0,34.34; 255,75,0,34.75; 255,83,0,34.44; 255,82,0,34.44; 243,2,0,36.66; 255,186,0,32.44; 255,187,0,32.34; 255,43,0,35.34; 255,191,0,32.16; 255,80,0,34.56; 255,100,0,33.94; 255,128,0,33.16; 255,102,0,34.06; 253,20,0,35.94; 255,121,0,33.44; 255,191,0,32.16; 255,58,0,34.94; 255,76,0,34.44
0,1,239,20.25; 0,79,255,22.16; 0,4,241,20.45; 0,1,232,19.95; 0,0,225,19.66; 0,33,254,21.16; 0,168,255,23.75; 0,170,255,23.95; 0,135,255,23.05; 51,255,205,26.75; 67,255,189,27.16; 255,174,0,32.56; 255,169,0,32.84; 255,184,0,32.25; 255,92,0,34.56; 255,183,0,32.34; 255,111,0,33.75; 255,168,0,32.75; 245,7,0,36.44; 255,91,0,34.34; 255,67,0,34.84; 204,0,0,37.44; 255,52,0,35.06; 255,198,0,31.84; 254,27,0,35.56; 255,149,0,33.16; 255,154,0,32.94; 254,19,0,35.84; 255,65,0,34.84; 255,49,0,35.16; 252,10,0,36.25; 255,94,0,34.34; 228,0,0,37.16; 254,26,0,35.66; 255,186,0,32.25; 255,152,0,32.94; 255,191,0,32.06; 254,20,0,35.84; 255,60,0,34.94; 255,116,0,33.66; 255,75,0,34.66; 255,80,0,34.44; 255,89,0,34.16; 255,68,0,34.94; 255,70,0,34.84; 255,187,0,32.34; 253,16,0,35.84; 255,101,0,33.94; 255,66,0,34.75; 255,38,0,35.25; 255,176,0,32.56; 255,48,0,35.06; 216,0,0,37.25; 255,108,0,33.84; 255,61,0,34.84; 254,27,0,35.56; 255,121,0,33.56; 255,121,0,33.75; 144,0,0,38.66; 255,63,0,34.84; 255,134,0,33.25; 255,97,0,34.16; 254,37,0,35.56; 184,0,0,37.56; 255,129,0,33.25; 245,4,0,36.34; 244,5,0,36.44; 255,76,0,34.44; 241,1,0,36.56; 255,41,0,35.44; 255,90,0,34.06; 255,94,0,34.16; 255,89,0,34.34; 253,19,0,35.94; 255,106,0,33.94; 246,9,0,36.44; 255,61,0,34.94; 255,123,0,33.44; 209,0,0,37.25; 255,191,0,32.34
0,146,255,23.45; 0,155,255,23.84; 0,79,255,22.25; 0,148,255,23.55; 0,123,255,22.95; 0,33,254,20.95; 0,170,255,24.05; 0,208,255,24.95; 0,166,255,23.84; 65,255,191,27.16; 212,255,44,30.16; 195,255,61,29.66; 208,0,0,37.16; 255,161,0,32.94; 255,191,0,31.95; 255,145,0,33.25; 255,99,0,34.16; 255,101,0,34.06; 255,88,0,34.44; 255,102,0,33.84; 253,24,0,35.84; 255,97,0,33.94; 255,62,0,34.84; 143,0,0,38.56; 248,7,0,36.56; 254,17,0,35.84; 255,150,0,33.25; 255,171,0,32.44; 254,18,0,35.75; 255,171,0,32.56; 255,142,0,33.25; 255,120,0,33.84; 255,129,0,33.34; 255,34,0,35.44; 255,49,0,34.94; 250,12,0,36.25; 254,26,0,35.66; 255,84,0,34.34; 255,38,0,35.34; 255,200,0,31.95; 255,46,0,35.44; 255,195,0,32.25; 255,77,0,34.56; 255,76,0,34.56; 239,2,0,36.66; 255,31,0,35.44; 238,3,0,36.66; 255,110,0,33.75; 255,173,0,32.56; 254,23,0,35.75; 255,237,0,31.25; 255,86,0,34.25; 255,65,0,34.84; 254,24,0,35.84; 255,96,0,34.25; 239,5,0,36.44; 255,118,0,33.75; 237,4,0,36.44; 214,0,0,37.16; 255,137,0,33.06; 255,50,0,35.16; 255,122,0,33.56; 255,121,0,33.56; 249,11,0,36.25; 255,103,0,33.94; 251,24,0,35.75; 255,83,0,34.44; 255,66,0,34.84; 254,37,0,35.44; 255,81,0,34.34; 249,13,0,36.16; 253,19,0,35.94; 255,96,0,34.25; 255,112,0,33.66; 255,111,0,33.75; 254,27,0,35.66; 255,68,0,34.75; 254,17,0,35.94; 255,61,0,34.94; 255,32,0,35.75
0,78,255,21.84; 0,0,212,19.55; 0,120,255,22.95; 0,144,255,23.45; 0,65,255,21.75; 0,108,255,22.66; 0,222,255,25.34; 48,255,208,26.55; 101,255,155,27.75; 114,255,142,28.16; 255,200,0,31.95; 255,167,0,32.75; 255,169,0,32.75; 255,107,0,33.94; 255,133,0,33.44; 255,178,0,32.56; 255,183,0,32.44; 255,89,0,34.56; 254,30,0,35.56; 255,178,0,32.25; 255,67,0,34.84; 255,95,0,34.16; 255,174,0,32.66; 255,192,0,31.95; 255,160,0,32.94; 255,169,0,32.75; 255,127,0,33.75; 254,9,0,36.16; 254,9,0,36.25; 255,128,0,33.66; 250,6,0,36.25; 255,112,0,34.06; 255,157,0,32.75; 242,2,0,36.56; 255,61,0,34.75; 208,0,0,37.44; 249,6,0,36.34; 255,128,0,33.44; 255,95,0,34.16; 254,16,0,36.16; 255,77,0,34.56; 255,203,0,31.66; 255,70,0,34.75; 254,29,0,35.66; 242,254,14,30.66; 248,9,0,36.16; 230,1,0,37.06; 250,8,0,36.34; 255,172,0,32.56; 255,244,0,30.95; 247,9,0,36.25; 253,22,0,35.84; 224,1,0,36.94; 218,0,0,37.06; 255,83,0,34.56; 255,118,0,33.66; 214,0,0,37.16; 213,0,0,37.06; 210,0,0,37.25; 207,0,0,37.44; 255,38,0,35.44; 254,32,0,35.66; 255,98,0,34.25; 255,194,0,32.06; 255,107,0,33.94; 181,0,0,37.94; 255,76,0,34.66; 255,65,0,34.84; 255,69,0,34.66; 243,5,0,36.56; 255,45,0,35.06; 255,28,0,35.56; 249,10,0,36.25; 254,23,0,35.75; 255,51,0,35.06; 255,99,0,34.16; 255,103,0,33.94; 255,51,0,35.25; 255,68,0,34.66; 255,162,0,32.84
0,0,155,18.25; 0,147,255,23.34; 0,160,255,24.16; 0,52,255,21.34; 0,78,255,21.95; 0,149,255,23.66; 71,255,185,27.25; 48,255,208,26.66; 53,255,203,26.84; 201,255,55,29.84; 254,229,1,31.16; 255,101,0,34.06; 255,192,0,32.25; 249,249,7,30.75; 255,90,0,34.44; 255,193,0,32.16; 255,92,0,34.44; 255,43,0,35.34; 231,255,25,30.45; 254,25,0,35.84; 255,89,0,34.34; 255,232,0,31.16; 255,48,0,35.06; 255,171,0,32.75; 251,13,0,36.25; 255,170,0,32.56; 253,10,0,35.94; 255,178,0,32.34; 255,144,0,33.25; 255,175,0,32.44; 254,22,0,35.66; 255,129,0,33.56; 255,132,0,33.34; 255,33,0,35.44; 253,20,0,35.84; 255,129,0,33.66; 255,35,0,35.44; 255,43,0,35.06; 254,24,0,35.75; 255,191,0,32.34; 255,197,0,32.06; 255,198,0,32.06; 255,43,0,35.34; 255,150,0,33.16; 247,11,0,36.06; 255,182,0,32.16; 255,151,0,33.16; 255,54,0,34.94; 255,33,0,35.44; 255,196,0,31.95; 245,5,0,36.56; 255,235,0,31.34; 255,169,0,32.75; 255,83,0,34.56; 255,110,0,33.84; 255,109,0,33.94; 255,122,0,33.56; 255,146,0,32.94; 253,25,0,35.66; 255,123,0,33.75; 255,55,0,34.94; 206,0,0,37.34; 255,111,0,33.84; 255,74,0,34.75; 255,112,0,33.84; 212,0,0,37.25; 255,167,0,32.75; 234,6,0,36.56; 220,0,0,37.06; 255,29,0,35.56; 255,32,0,35.44; 167,0,0,38.25; 255,131,0,33.34; 240,4,0,36.66; 190,0,0,37.66; 255,80,0,34.44; 248,9,0,36.16; 255,66,0,34.84; 255,72,0,34.66; 255,10,0,36.16
0,0,167,18.55; 0,148,255,23.66; 0,240,255,25.55; 0,89,255,22.25; 0,105,255,22.55; 0,123,255,23.05; 0,204,255,24.66; 114,255,142,28.05; 255,220,0,31.66; 255,166,0,32.84; 255,156,0,33.16; 255,214,0,31.66; 255,89,0,34.44; 255,145,0,33.25; 255,100,0,34.06; 255,85,0,34.66; 255,197,0,31.84; 255,107,0,33.84; 255,103,0,33.94; 254,18,0,36.34; 255,140,0,33.25; 255,31,0,35.66; 255,33,0,35.56; 255,106,0,34.06; 255,40,0,35.25; 255,175,0,32.56; 255,108,0,34.25; 255,188,0,32.06; 255,190,0,32.06; 255,118,0,33.75; 255,41,0,35.25; 255,146,0,33.06; 255,104,0,34.06; 148,0,0,38.44; 255,184,0,31.95; 255,57,0,34.84; 248,8,0,36.44; 255,154,0,33.06; 255,43,0,35.25; 255,114,0,33.84; 255,180,0,32.56; 255,42,0,35.44; 235,3,0,36.66; 255,80,0,34.56; 255,72,0,34.66; 255,159,0,32.75; 255,68,0,34.75; 255,42,0,35.34; 255,153,0,33.16; 253,14,0,36.06; 255,29,0,35.56; 255,57,0,34.94; 255,179,0,32.34; 255,41,0,35.34; 226,1,0,36.75; 255,63,0,34.94; 255,160,0,32.84; 255,186,0,32.16; 227,5,0,36.56; 212,0,0,37.06; 255,67,0,34.75; 255,120,0,33.66; 255,115,0,33.75; 255,106,0,34.16; 255,183,0,32.25; 255,119,0,33.66; 254,27,0,35.75; 255,77,0,34.44; 252,21,0,35.94; 253,22,0,35.94; 255,148,0,32.75; 252,18,0,35.94; 255,40,0,35.34; 255,48,0,35.06; 225,1,0,36.94; 255,50,0,35.06; 131,0,0,38.75; 255,161,0,32.75; 255,163,0,32.75; 255,234,0,31.25
0,0,218,20.05; 0,0,202,19.34; 0,77,255,21.95; 0,174,255,24.25; 0,145,255,23.45; 16,254,240,26.05; 147,255,109,28.66; 157,255,99,28.84; 175,255,81,29.34; 255,221,0,31.75; 255,214,0,31.84; 255,90,0,34.44; 255,90,0,34.44; 255,198,0,31.95; 255,105,0,33.94; 255,197,0,32.06; 255,97,0,34.34; 255,118,0,33.56; 255,37,0,35.34; 255,146,0,32.94; 255,109,0,33.94; 255,29,0,35.66; 255,184,0,32.34; 255,43,0,35.16; 255,231,0,31.16; 255,158,0,33.06; 255,153,0,33.16; 255,142,0,33.44; 224,255,32,30.34; 255,148,0,33.16; 255,91,0,34.44; 250,14,0,36.16; 255,95,0,34.25; 255,162,0,32.75; 255,106,0,33.94; 254,24,0,35.75; 251,12,0,36.16; 253,21,0,35.94; 243,6,0,36.56; 255,58,0,34.84; 202,0,0,37.56; 255,133,0,33.34; 255,107,0,33.84; 255,238,0,31.05; 255,100,0,33.94; 255,80,0,34.44; 255,150,0,32.94; 255,44,0,35.34; 255,133,0,33.66; 252,17,0,36.16; 255,151,0,32.94; 255,155,0,32.94; 255,48,0,35.06; 255,112,0,33.75; 255,172,0,32.56; 237,3,0,36.56; 252,17,0,35.84; 147,0,0,38.44; 255,223,0,31.45; 253,19,0,35.84; 253,21,0,35.84; 246,12,0,36.44; 254,31,0,35.66; 254,26,0,35.84; 255,142,0,33.16; 255,43,0,35.25; 255,170,0,32.56; 255,161,0,32.75; 214,0,0,37.25; 255,91,0,34.25; 255,48,0,35.06; 255,110,0,33.94; 255,135,0,33.34; 255,150,0,32.84; 255,152,0,32.75; 255,128,0,33.66; 209,0,0,37.16; 255,154,0,32.94; 255,85,0,34.34; 255,157,0,33.16
0,75,255,21.75; 0,90,255,22.34; 0,232,255,25.16; 0,125,255,23.16; 2,246,253,25.66; 0,118,255,22.84; 164,255,92,29.05; 173,255,83,29.25; 175,255,81,29.34; 255,165,0,32.66; 255,228,0,31.34; 255,148,0,33.25; 255,69,0,34.94; 255,194,0,32.16; 255,143,0,33.16; 254,21,0,35.75; 255,105,0,34.06; 254,30,0,35.56; 255,139,0,33.16; 255,86,0,34.56; 255,107,0,34.06; 254,22,0,35.94; 255,47,0,35.16; 255,217,0,31.55; 255,189,0,32.25; 161,255,95,29.05; 255,154,0,33.16; 224,255,32,30.34; 255,202,0,31.75; 255,84,0,34.44; 255,42,0,35.25; 245,5,0,36.44; 255,123,0,33.66; 234,255,22,30.45; 255,91,0,34.25; 255,167,0,32.75; 255,51,0,35.16; 255,175,0,32.34; 255,52,0,35.06; 255,54,0,34.94; 232,3,0,36.75; 255,118,0,33.66; 254,34,0,35.66; 255,155,0,32.84; 255,80,0,34.56; 255,158,0,32.94; 255,68,0,34.75; 255,96,0,34.16; 255,29,0,35.75; 255,56,0,34.84; 254,27,0,35.66; 255,143,0,33.16; 159,0,0,38.25; 255,94,0,34.06; 156,0,0,38.25; 244,10,0,36.25; 255,63,0,34.94; 253,24,0,35.75; 222,1,0,37.06; 255,152,0,32.94; 255,50,0,35.06; 255,121,0,33.66; 255,71,0,34.66; 255,128,0,33.44; 255,115,0,33.75; 255,40,0,35.34; 255,82,0,34.56; 255,72,0,34.75; 255,152,0,33.16; 255,97,0,34.16; 255,122,0,33.66; 255,142,0,33.25; 255,119,0,33.75; 234,2,0,36.66; 255,144,0,33.16; 253,26,0,35.75; 215,0,0,37.25; 255,68,0,34.84; 255,84,0,34.44; 255,97,0,34.16
8,249,248,25.95; 0,104,255,22.84; 0,182,255,24.25; 0,152,255,23.66; 0,185,255,24.34; 88,255,168,27.55; 255,224,0,31.75; 217,255,39,30.25; 255,224,0,31.55; 255,227,0,31.25; 255,155,0,32.94; 255,147,0,33.34; 255,173,0,32.56; 255,133,0,33.56; 253,9,0,36.25; 255,125,0,33.56; 255,115,0,33.84; 255,105,0,34.06; 255,122,0,33.66; 254,25,0,35.75; 255,72,0,34.66; 255,66,0,34.75; 255,126,0,33.56; 255,134,0,33.44; 255,228,0,31.45; 223,255,33,30.34; 222,255,34,30.16; 133,255,123,28.34; 255,159,0,32.66; 255,151,0,32.94; 255,41,0,35.44; 215,0,0,37.06; 255,90,0,34.44; 247,254,9,30.84; 255,67,0,34.84; 255,180,0,32.34; 255,121,0,33.66; 255,66,0,34.66; 254,26,0,35.84; 255,53,0,35.06; 253,28,0,35.84; 255,112,0,33.84; 255,146,0,32.94; 255,89,0,34.34; 255,85,0,34.34; 255,68,0,34.75; 255,36,0,35.66; 255,47,0,35.25; 255,139,0,33.16; 255,129,0,33.66; 255,43,0,35.06; 207,0,0,37.25; 255,186,0,31.95; 255,46,0,35.44; 255,74,0,34.44; 255,60,0,34.94; 255,73,0,34.34; 229,2,0,36.94; 253,19,0,35.94; 254,22,0,35.75; 255,80,0,34.44; 255,169,0,32.66; 255,65,0,34.84; 255,165,0,32.56; 255,36,0,35.34; 255,116,0,33.75; 254,253,1,30.95; 255,40,0,35.56; 255,85,0,34.34; 255,66,0,34.94; 255,41,0,35.66; 255,199,0,31.75; 255,93,0,34.34; 255,73,0,34.75; 245,7,0,36.16; 255,143,0,33.25; 255,82,0,34.44; 255,49,0,35.25; 255,106,0,33.84; 255,180,0,32.34
0,98,255,22.84; 0,90,255,22.25; 0,25,255,20.75; 2,246,254,25.66; 78,255,178,27.25; 141,255,115,28.55; 115,255,141,28.05; 209,255,47,30.05; 255,123,0,33.75; 255,145,0,33.25; 255,231,0,31.34; 255,147,0,33.25; 255,39,0,35.56; 255,175,0,32.44; 255,185,0,32.06; 255,68,0,34.75; 253,11,0,36.25; 255,179,0,32.25; 255,144,0,33.16; 230,255,26,30.34; 255,145,0,33.06; 255,188,0,32.34; 255,214,0,31.75; 180,255,76,29.45; 255,188,0,32.44; 157,255,99,28.84; 90,255,166,27.55; 255,145,0,33.25; 255,37,0,35.66; 255,148,0,33.06; 255,134,0,33.44; 255,138,0,33.25; 255,130,0,33.44; 255,42,0,35.44; 255,48,0,35.34; 255,152,0,32.94; 255,67,0,34.84; 255,149,0,33.16; 255,71,0,34.56; 255,70,0,34.66; 255,40,0,35.44; 255,225,0,31.34; 255,109,0,33.84; 255,180,0,32.25; 255,66,0,34.94; 255,65,0,34.94; 255,123,0,33.56; 255,63,0,34.75; 255,127,0,33.34; 255,117,0,33.84; 255,135,0,33.44; 255,140,0,33.25; 255,39,0,35.56; 255,61,0,34.94; 255,62,0,34.84; 255,62,0,34.94; 255,65,0,34.84; 251,247,4,30.84; 255,108,0,33.75; 255,189,0,31.95; 255,180,0,32.25; 255,120,0,33.66; 255,165,0,32.84; 254,34,0,35.56; 136,0,0,38.66; 255,172,0,32.44; 255,173,0,32.44; 255,94,0,34.06; 255,65,0,34.94; 255,84,0,34.25; 255,158,0,32.84; 255,151,0,32.94; 255,73,0,34.75; 255,116,0,33.84; 255,97,0,34.25; 242,4,0,36.44; 255,152,0,32.94; 255,128,0,33.56; 210,0,0,37.16; 255,172,0,32.44
0,0,181,18.75; 53,255,203,26.84; 0,89,255,22.25; 0,188,255,24.45; 6,253,250,25.84; 175,255,81,29.25; 184,255,72,29.55; 255,137,0,33.34; 255,152,0,33.06; 255,165,0,32.56; 255,38,0,35.44; 255,176,0,32.25; 255,165,0,32.75; 255,151,0,33.06; 255,72,0,34.75; 255,82,0,34.56; 255,63,0,34.94; 255,141,0,33.16; 255,38,0,35.34; 255,27,0,35.75; 255,131,0,33.66; 253,236,2,31.16; 251,245,5,30.84; 90,255,166,27.55; 215,255,41,30.05; 255,228,1,31.45; 223,255,33,30.34; 255,160,0,32.66; 255,135,0,33.56; 255,65,0,34.94; 196,0,0,37.66; 255,150,0,32.75; 255,126,0,33.56; 255,108,0,33.94; 255,41,0,35.66; 255,194,0,32.06; 255,77,0,34.56; 255,82,0,34.44; 255,124,0,33.56; 255,47,0,35.34; 255,118,0,33.75; 255,114,0,33.84; 221,1,0,37.06; 255,122,0,33.56; 255,66,0,34.94; 253,27,0,35.84; 255,64,0,34.75; 255,48,0,35.25; 255,36,0,35.56; 255,50,0,35.25; 255,109,0,34.06; 255,142,0,33.16; 252,24,0,36.16; 255,146,0,32.94; 255,63,0,34.75; 255,59,0,35.06; 255,218,0,31.84; 255,50,0,35.25; 255,141,0,33.06; 255,59,0,34.94; 248,13,0,36.16; 255,104,0,34.06; 236,2,0,36.66; 242,3,0,36.66; 255,99,0,34.16; 255,158,0,33.06; 253,25,0,35.84; 255,70,0,34.75; 255,72,0,34.56; 255,170,0,32.44; 255,165,0,32.66; 255,46,0,35.44; 255,127,0,33.56; 255,144,0,33.25; 248,4,0,36.44; 254,33,0,35.66; 255,166,0,32.56; 255,51,0,35.16; 255,53,0,35.06; 255,56,0,34.84
0,93,255,22.45; 0,96,255,22.45; 0,177,255,24.05; 26,255,230,26.34; 169,255,87,29.05; 170,255,86,29.16; 191,255,65,29.66; 255,114,0,34.06; 250,247,6,30.84; 255,81,0,34.66; 254,238,1,31.34; 255,79,0,34.66; 255,119,0,33.75; 255,128,0,33.66; 255,125,0,33.66; 254,31,0,35.56; 255,151,0,32.94; 254,31,0,35.56; 254,14,0,36.25; 255,143,0,33.44; 255,190,0,32.34; 244,252,12,30.75; 255,213,0,31.75; 254,231,1,31.25; 226,255,30,30.34; 194,255,62,29.66; 255,28,0,35.44; 255,150,0,33.06; 255,137,0,33.34; 226,255,30,30.34; 255,118,0,33.94; 255,111,0,34.06; 255,140,0,32.94; 255,122,0,33.66; 255,216,0,31.66; 255,88,0,34.34; 254,245,1,30.95; 255,132,0,33.34; 255,180,0,32.16; 255,42,0,35.44; 255,70,0,34.75; 255,175,0,32.44; 255,173,0,32.44; 255,85,0,34.44; 228,2,0,36.75; 252,24,0,35.94; 254,28,0,35.75; 255,103,0,33.94; 255,81,0,34.44; 255,67,0,34.66; 255,48,0,35.16; 255,143,0,33.16; 255,42,0,35.56; 255,118,0,33.75; 255,78,0,34.34; 254,226,1,31.45; 201,0,0,37.56; 255,76,0,34.56; 255,64,0,34.75; 255,43,0,35.44; 236,2,0,36.75; 255,46,0,35.25; 255,85,0,34.56; 255,99,0,34.16; 254,26,0,35.66; 255,159,0,32.94; 255,177,0,32.34; 255,70,0,34.56; 255,37,0,35.56; 255,171,0,32.75; 255,53,0,35.06; 255,42,0,35.56; 255,118,0,33.75; 255,109,0,33.94; 255,72,0,34.66; 255,132,0,33.44; 255,180,0,32.34; 255,52,0,35.06; 255,51,0,35.25; 255,197,0,31.75
0,0,191,19.34; 0,57,255,21.45; 0,55,255,21.55; 0,213,255,24.75; 177,255,79,29.34; 190,255,66,29.66; 255,155,0,32.94; 242,255,14,30.66; 255,110,0,34.06; 255,26,0,35.94; 255,96,0,34.25; 254,242,1,30.95; 255,109,0,34.06; 255,158,0,32.94; 255,77,0,34.66; 252,15,0,36.34; 255,158,0,32.75; 255,119,0,33.75; 255,152,0,33.16; 255,57,0,34.75; 210,255,46,29.95; 255,179,0,32.44; 255,215,0,31.75; 171,255,85,29.16; 255,207,0,31.95; 255,144,0,33.25; 255,194,0,32.06; 255,132,0,33.66; 255,113,0,34.06; 233,2,0,36.66; 255,73,0,34.75; 255,210,0,31.55; 255,75,0,34.75; 255,47,0,35.34; 255,126,0,33.44; 204,0,0,37.25; 255,85,0,34.56; 255,52,0,35.25; 255,138,0,33.25; 255,116,0,33.84; 255,146,0,33.06; 255,154,0,32.84; 255,141,0,33.16; 255,106,0,33.94; 255,99,0,34.06; 242,6,0,36.44; 255,101,0,34.06; 255,48,0,35.25; 255,181,0,32.16; 255,164,0,32.56; 255,88,0,34.25; 255,45,0,35.34; 255,114,0,33.75; 215,0,0,37.25; 255,50,0,35.25; 219,0,0,36.94; 243,9,0,36.16; 255,110,0,33.84; 255,61,0,34.84; 255,120,0,33.56; 255,131,0,33.25; 255,71,0,34.75; 255,108,0,33.75; 255,89,0,34.34; 255,75,0,34.75; 249,11,0,36.44; 255,60,0,34.94; 253,21,0,35.94; 255,61,0,34.84; 255,62,0,34.84; 242,9,0,36.66; 255,156,0,32.94; 255,164,0,32.66; 255,108,0,34.06; 255,151,0,33.06; 255,173,0,32.44; 255,61,0,34.84; 255,51,0,35.06; 255,84,0,34.25; 255,41,0,35.66
0,120,255,22.95; 0,139,255,23.45; 2,235,253,25.55; 197,255,59,29.84; 19,255,237,26.16; 239,255,17,30.55; 255,155,0,32.94; 255,30,0,35.56; 255,163,0,32.56; 255,149,0,33.25; 255,125,0,33.66; 255,163,0,32.84; 255,171,0,32.56; 255,175,0,32.44; 255,204,0,31.75; 255,113,0,33.84; 255,92,0,34.25; 255,203,0,31.66; 255,34,0,35.56; 235,255,21,30.55; 255,174,0,32.56; 233,255,23,30.45; 255,53,0,34.94; 255,52,0,34.84; 255,225,0,31.45; 254,27,0,35.75; 255,149,0,32.94; 228,2,0,36.94; 255,159,0,32.75; 255,162,0,32.66; 255,113,0,33.75; 253,39,0,35.56; 215,0,0,37.25; 255,87,0,34.56; 255,109,0,33.84; 255,95,0,34.25; 255,143,0,33.06; 255,121,0,33.56; 255,96,0,34.25; 255,112,0,33.94; 254,34,0,35.56; 254,33,0,35.66; 255,71,0,34.75; 216,0,0,37.34; 255,212,0,31.66; 255,98,0,34.06; 255,58,0,34.94; 255,62,0,34.84; 255,141,0,33.25; 207,0,0,37.34; 255,52,0,35.06; 255,56,0,34.84; 255,181,0,32.34; 255,51,0,35.06; 255,187,0,32.34; 255,89,0,34.56; 232,2,0,36.66; 255,103,0,34.06; 255,108,0,33.94; 255,53,0,35.25; 255,30,0,35.75; 255,107,0,33.84; 255,91,0,34.25; 254,22,0,35.84; 255,114,0,33.56; 254,19,0,35.94; 255,231,0,31.25; 255,172,0,32.44; 254,27,0,35.84; 255,53,0,35.06; 255,58,0,34.94; 255,180,0,32.25; 255,44,0,35.44; 226,255,30,30.34; 255,68,0,34.75; 219,1,0,37.16; 255,66,0,34.75; 253,19,0,36.16; 255,118,0,33.66; 255,51,0,35.06
0,198,255,24.34; 0,218,255,25.05; 1,226,254,25.34; 168,255,88,29.16; 171,255,85,29.25; 255,185,0,32.16; 255,160,0,32.84; 255,192,0,31.95; 255,74,0,34.75; 255,149,0,33.16; 255,158,0,32.94; 255,182,0,32.25; 255,212,0,31.66; 253,26,0,35.75; 255,151,0,33.16; 255,135,0,33.34; 255,166,0,32.75; 255,50,0,35.16; 255,117,0,33.84; 255,170,0,32.75; 255,199,0,31.75; 255,167,0,32.84; 255,164,0,32.94; 255,39,0,35.34; 255,157,0,32.94; 255,129,0,33.66; 255,121,0,33.75; 253,20,0,35.75; 255,124,0,33.56; 255,155,0,32.84; 240,6,0,36.34; 255,108,0,33.94; 226,2,0,36.84; 255,195,0,32.25; 202,255,54,29.84; 255,91,0,34.34; 255,156,0,32.84; 255,124,0,33.56; 255,41,0,35.34; 255,116,0,33.75; 254,36,0,35.56; 255,131,0,33.34; 216,0,0,37.16; 255,91,0,34.34; 255,47,0,35.25; 255,102,0,33.94; 245,4,0,36.44; 255,53,0,35.06; 229,1,0,36.75; 255,140,0,33.34; 205,0,0,37.34; 255,47,0,35.25; 255,214,0,31.55; 255,126,0,33.34; 255,86,0,34.56; 255,112,0,33.84; 255,199,0,31.75; 255,126,0,33.34; 255,154,0,32.66; 255,51,0,35.25; 255,109,0,33.84; 255,73,0,34.66; 255,95,0,34.16; 255,85,0,34.44; 254,23,0,35.75; 255,81,0,34.34; 255,60,0,34.94; 255,31,0,35.56; 255,46,0,35.34; 255,82,0,34.34; 255,156,0,32.94; 255,69,0,34.66; 255,139,0,33.34; 255,48,0,35.06; 253,19,0,36.16; 255,156,0,32.75; 255,22,0,35.94; 255,232,0,31.34; 255,137,0,33.16; 255,117,0,33.75
0,194,255,24.25; 0,127,255,23.05; 13,252,242,25.95; 164,255,92,29.16; 243,253,13,30.75; 252,235,3,31.25; 255,144,0,33.34; 255,149,0,33.06; 255,155,0,32.84; 255,139,0,33.44; 255,113,0,33.94; 255,83,0,34.66; 255,185,0,32.34; 255,100,0,34.16; 255,71,0,34.84; 255,72,0,34.75; 255,191,0,32.16; 255,191,0,32.06; 255,182,0,32.34; 255,178,0,32.44; 255,158,0,33.25; 255,167,0,32.84; 255,166,0,32.75; 252,16,0,36.34; 255,230,0,31.16; 254,26,0,35.75; 255,51,0,35.06; 255,131,0,33.34; 255,103,0,34.25; 255,88,0,34.56; 255,189,0,32.25; 255,57,0,35.06; 255,197,0,31.95; 255,103,0,33.75; 255,98,0,34.16; 255,79,0,34.66; 255,161,0,32.84; 232,4,0,36.75; 255,71,0,34.66; 255,111,0,33.84; 255,81,0,34.56; 255,43,0,35.25; 243,7,0,36.44; 255,87,0,34.44; 248,8,0,36.25; 241,1,0,36.75; 255,43,0,35.25; 247,7,0,36.25; 255,158,0,32.75; 255,117,0,33.75; 255,161,0,32.75; 255,46,0,35.44; 255,43,0,35.56; 255,145,0,33.16; 255,106,0,33.94; 255,102,0,34.16; 255,141,0,33.16; 255,100,0,34.16; 254,40,0,35.56; 255,85,0,34.44; 255,63,0,34.94; 255,141,0,33.25; 254,30,0,35.66; 255,161,0,32.66; 255,179,0,32.25; 255,49,0,35.06; 255,26,0,35.75; 255,136,0,33.25; 255,87,0,34.16; 255,72,0,34.66; 255,90,0,34.25; 252,19,0,36.34; 255,51,0,35.16; 255,102,0,34.06; 255,38,0,35.44; 255,82,0,34.44; 255,101,0,34.16; 255,37,0,35.56; 255,110,0,34.06; 177,0,0,37.84
0,0,238,20.25; 0,212,255,24.75; 142,255,114,28.45; 159,255,97,28.84; 246,253,10,30.66; 255,165,0,32.66; 255,139,0,33.34; 255,132,0,33.56; 255,189,0,31.95; 255,232,0,31.05; 255,191,0,32.16; 255,151,0,33.16; 255,172,0,32.66; 255,219,0,31.34; 255,151,0,33.16; 255,105,0,34.06; 255,53,0,35.44; 255,86,0,34.34; 255,192,0,31.95; 255,172,0,32.56; 255,169,0,32.66; 255,39,0,35.44; 255,204,0,31.84; 255,49,0,35.25; 255,167,0,32.66; 255,115,0,33.94; 160,0,0,38.16; 255,118,0,33.75; 255,118,0,33.75; 255,117,0,33.75; 255,119,0,33.56; 255,195,0,31.95; 255,195,0,31.95; 255,40,0,35.44; 254,25,0,35.84; 255,172,0,32.66; 254,29,0,35.75; 255,97,0,34.16; 255,40,0,35.44; 255,181,0,32.44; 246,12,0,36.44; 255,87,0,34.44; 255,42,0,35.25; 253,25,0,35.75; 255,102,0,34.06; 251,11,0,36.16; 255,42,0,35.16; 128,0,0,38.75; 255,98,0,34.25; 255,138,0,33.25; 255,143,0,33.16; 202,255,54,29.84; 255,110,0,33.94; 196,0,0,37.25; 255,144,0,33.06; 255,103,0,34.16; 255,50,0,35.25; 255,112,0,33.75; 255,141,0,33.16; 255,70,0,34.66; 255,78,0,34.56; 254,39,0,35.66; 255,151,0,32.94; 255,136,0,33.34; 255,223,0,31.45; 254,19,0,35.94; 255,62,0,34.84; 255,28,0,35.84; 255,87,0,34.25; 255,110,0,33.75; 255,144,0,32.94; 255,191,0,32.16; 255,37,0,35.44; 255,129,0,33.44; 254,30,0,35.66; 255,43,0,35.16; 215,0,0,37.34; 255,45,0,35.16; 255,126,0,33.56; 255,39,0,35.44
0,110,255,22.45; 17,254,239,26.05; 157,255,99,28.95; 206,255,50,29.95; 18,255,238,26.16; 255,113,0,34.16; 255,144,0,33.25; 255,42,0,35.44; 255,49,0,35.44; 255,121,0,33.84; 255,148,0,33.16; 255,103,0,34.25; 255,213,0,31.55; 255,204,0,31.84; 255,127,0,33.66; 255,72,0,34.75; 247,250,9,30.75; 255,170,0,32.84; 255,168,0,32.84; 255,199,0,31.66; 253,27,0,35.84; 255,128,0,33.75; 255,63,0,34.66; 255,148,0,33.25; 255,62,0,34.94; 255,188,0,32.25; 254,18,0,36.25; 255,126,0,33.34; 255,32,0,35.56; 255,127,0,33.44; 255,109,0,33.84; 255,52,0,35.06; 255,97,0,34.16; 255,42,0,35.34; 255,170,0,32.66; 218,255,38,30.16; 255,39,0,35.34; 255,229,0,31.25; 255,183,0,32.34; 255,188,0,32.25; 255,135,0,33.34; 255,185,0,32.25; 255,105,0,33.94; 255,126,0,33.34; 255,35,0,35.44; 255,120,0,33.56; 254,25,0,35.66; 255,243,0,31.16; 254,25,0,35.75; 255,96,0,34.34; 255,108,0,33.84; 255,188,0,32.25; 255,215,0,31.55; 255,91,0,34.44; 180,0,0,37.94; 255,114,0,33.75; 255,181,0,32.25; 255,137,0,33.16; 255,58,0,35.06; 255,81,0,34.34; 246,13,0,36.44; 255,61,0,35.06; 255,76,0,34.66; 255,66,0,34.94; 248,8,0,36.56; 255,138,0,33.25; 255,69,0,34.75; 255,210,0,31.84; 255,83,0,34.44; 255,206,0,31.84; 255,73,0,34.75; 255,107,0,33.94; 255,129,0,33.34; 254,32,0,35.66; 255,110,0,33.94; 255,64,0,34.75; 255,114,0,33.75; 255,124,0,33.56; 255,138,0,33.16; 255,123,0,33.66
0,219,255,25.34; 0,215,255,24.84; 100,255,156,27.75; 62,255,194,26.95; 255,160,0,32.84; 255,119,0,33.94; 255,76,0,34.66; 255,123,0,33.75; 255,120,0,33.84; 255,161,0,32.66; 255,185,0,32.25; 255,147,0,33.16; 255,117,0,33.84; 255,70,0,34.94; 255,182,0,32.34; 255,163,0,32.84; 255,189,0,32.16; 255,176,0,32.56; 255,159,0,33.06; 255,42,0,35.34; 255,153,0,33.06; 255,153,0,32.94; 255,71,0,34.56; 255,207,0,31.66; 254,37,0,35.56; 255,68,0,34.75; 255,84,0,34.44; 255,23,0,35.84; 255,80,0,34.66; 255,169,0,32.66; 255,188,0,32.34; 255,82,0,34.44; 255,48,0,35.16; 255,85,0,34.25; 253,19,0,36.25; 255,84,0,34.34; 216,1,0,37.16; 255,99,0,33.94; 255,46,0,35.34; 255,82,0,34.56; 255,197,0,31.66; 254,28,0,35.66; 242,254,14,30.66; 255,171,0,32.75; 255,113,0,33.84; 255,66,0,34.75; 255,28,0,35.75; 255,122,0,33.44; 255,35,0,35.44; 255,97,0,34.34; 255,110,0,33.75; 255,60,0,34.94; 255,213,0,31.55; 255,72,0,34.84; 255,39,0,35.44; 255,90,0,34.56; 255,112,0,33.94; 255,87,0,34.44; 255,127,0,33.66; 206,0,0,37.34; 255,155,0,32.94; 255,146,0,33.06; 255,79,0,34.56; 255,87,0,34.25; 255,137,0,33.25; 255,119,0,33.66; 255,62,0,34.94; 255,129,0,33.56; 234,255,22,30.55; 255,129,0,33.34; 238,2,0,36.66; 255,36,0,35.44; 245,253,10,30.66; 255,118,0,33.75; 253,240,2,31.05; 241,5,0,36.56; 250,11,0,36.25; 255,168,0,32.75; 255,106,0,34.25; 248,7,0,36.34
0,0,238,20.05; 0,221,255,25.05; 155,255,101,28.84; 255,217,0,31.55; 252,237,3,31.05; 255,158,0,32.94; 222,255,34,30.25; 255,143,0,33.16; 255,108,0,34.16; 255,134,0,33.34; 255,118,0,33.75; 248,252,7,30.75; 255,170,0,32.56; 255,116,0,33.84; 255,155,0,33.06; 255,157,0,33.16; 255,165,0,32.75; 255,197,0,31.95; 255,173,0,32.56; 255,149,0,33.25; 255,121,0,33.75; 255,47,0,35.34; 246,9,0,36.44; 255,63,0,34.84; 255,63,0,34.94; 255,117,0,33.75; 255,62,0,34.84; 255,34,0,35.56; 255,153,0,32.94; 254,27,0,35.84; 216,1,0,37.16; 255,82,0,34.44; 255,65,0,34.84; 255,34,0,35.66; 255,31,0,35.66; 255,30,0,35.84; 255,153,0,33.06; 255,72,0,34.66; 255,76,0,34.56; 255,175,0,32.75; 255,184,0,32.44; 255,50,0,35.34; 247,13,0,36.16; 255,103,0,34.06; 255,185,0,32.25; 255,73,0,34.66; 255,158,0,32.84; 255,100,0,34.16; 255,171,0,32.56; 255,31,0,35.56; 255,26,0,35.84; 255,191,0,32.34; 252,17,0,36.16; 255,112,0,33.66; 255,183,0,32.34; 255,125,0,33.44; 253,30,0,35.94; 255,150,0,33.06; 255,64,0,34.84; 255,54,0,35.16; 255,147,0,33.16; 210,255,46,30.05; 255,107,0,33.84; 255,114,0,33.75; 255,81,0,34.56; 249,8,0,36.25; 254,39,0,35.56; 255,87,0,34.25; 255,142,0,33.16; 254,28,0,35.75; 255,83,0,34.44; 255,71,0,34.66; 251,15,0,36.16; 255,170,0,32.66; 255,27,0,35.56; 255,179,0,32.44; 251,10,0,36.16; 255,193,0,31.95; 254,17,0,35.66; 255,163,0,32.66
0,196,255,24.16; 98,255,158,27.84; 242,252,14,30.66; 255,186,0,32.34; 213,0,0,37.25; 255,154,0,33.16; 255,160,0,32.84; 254,232,1,31.34; 255,67,0,34.84; 255,140,0,33.25; 255,58,0,34.94; 255,107,0,34.16; 255,60,0,34.94; 255,40,0,35.66; 254,229,1,31.16; 255,209,0,31.84; 255,111,0,34.06; 255,204,0,31.84; 255,136,0,33.56; 255,59,0,34.94; 255,118,0,33.84; 255,131,0,33.56; 254,40,0,35.56; 244,3,0,36.56; 255,167,0,32.56; 255,123,0,33.56; 255,109,0,33.75; 255,115,0,33.75; 255,207,0,31.55; 255,81,0,34.44; 255,180,0,32.44; 255,50,0,35.25; 255,66,0,34.94; 255,88,0,34.25; 255,131,0,33.34; 255,45,0,35.34; 255,103,0,33.84; 255,73,0,34.66; 255,102,0,33.84; 247,13,0,36.34; 206,255,50,29.95; 238,1,0,36.84; 255,81,0,34.44; 255,196,0,31.84; 241,5,0,36.56; 255,33,0,35.66; 255,108,0,33.84; 255,107,0,33.75; 255,30,0,35.66; 255,102,0,34.06; 255,98,0,34.06; 255,87,0,34.34; 255,39,0,35.44; 254,33,0,35.75; 217,1,0,37.06; 255,110,0,33.84; 255,163,0,32.84; 255,109,0,33.94; 255,167,0,32.44; 255,47,0,35.34; 255,173,0,32.56; 255,71,0,34.75; 255,202,0,31.95; 255,92,0,34.34; 255,65,0,34.94; 255,213,0,31.66; 255,219,0,31.66; 255,45,0,35.25; 255,46,0,35.25; 255,61,0,34.84; 249,12,0,36.25; 255,121,0,33.66; 255,42,0,35.34; 255,152,0,33.06; 254,22,0,35.75; 255,32,0,35.44; 255,188,0,32.34; 225,0,0,37.25; 255,115,0,33.84; 255,199,0,31.75
0,128,255,23.25; 0,226,255,25.45; 157,255,99,28.95; 255,201,0,31.95; 255,204,0,31.84; 255,157,0,33.16; 255,68,0,34.94; 255,190,0,32.16; 255,26,0,35.75; 252,247,4,30.84; 255,127,0,33.66; 255,143,0,33.16; 255,38,0,35.44; 255,214,0,31.84; 242,251,14,30.66; 255,160,0,32.94; 255,159,0,32.94; 255,49,0,35.06; 243,253,13,30.66; 255,202,0,31.75; 255,183,0,32.25; 255,60,0,35.06; 255,70,0,34.66; 255,140,0,33.25; 255,59,0,34.94; 255,65,0,34.75; 255,167,0,32.44; 255,63,0,34.84; 251,11,0,36.25; 255,51,0,35.25; 255,77,0,34.56; 255,92,0,34.16; 255,35,0,35.84; 255,46,0,35.34; 255,83,0,34.34; 255,49,0,35.16; 255,155,0,32.84; 255,66,0,34.94; 255,66,0,34.75; 255,78,0,34.56; 255,181,0,32.44; 255,182,0,32.44; 255,187,0,32.25; 255,70,0,34.75; 255,152,0,33.06; 255,40,0,35.56; 255,45,0,35.25; 255,38,0,35.44; 255,40,0,35.25; 255,97,0,34.16; 255,76,0,34.66; 204,1,0,37.25; 255,69,0,34.75; 255,92,0,34.16; 255,100,0,34.06; 222,3,0,36.94; 255,155,0,32.94; 255,40,0,35.44; 255,166,0,32.56; 255,109,0,33.94; 255,200,0,31.75; 255,111,0,33.84; 255,197,0,32.16; 255,205,0,31.95; 255,108,0,34.06; 255,113,0,33.84; 255,140,0,33.25; 255,59,0,34.84; 255,140,0,33.06; 255,228,0,31.25; 219,0,0,37.06; 255,115,0,33.84; 255,202,0,31.95; 255,166,0,32.75; 255,211,0,31.55; 255,190,0,32.16; 255,30,0,35.44; 252,8,0,36.25; 255,146,0,33.06; 255,101,0,34.34
0,219,255,24.95; 97,255,159,27.66; 254,221,2,31.34; 251,17,0,35.75; 226,2,0,36.66; 255,184,0,32.34; 255,162,0,33.06; 255,215,0,31.75; 254,237,1,31.16; 255,24,0,35.84; 255,122,0,33.75; 255,167,0,32.44; 239,254,17,30.55; 254,229,1,31.34; 254,229,1,31.34; 255,41,0,35.25; 255,216,0,31.75; 255,76,0,34.56; 255,156,0,32.94; 255,144,0,33.16; 255,187,0,32.16; 255,77,0,34.56; 255,130,0,33.44; 255,66,0,34.75; 255,115,0,33.84; 255,50,0,35.34; 253,28,0,35.75; 255,61,0,34.94; 255,70,0,34.75; 255,174,0,32.44; 255,204,0,31.84; 255,94,0,34.06; 255,112,0,33.66; 255,115,0,33.56; 255,77,0,34.56; 255,74,0,34.56; 255,52,0,35.25; 255,38,0,35.66; 255,163,0,32.84; 255,92,0,34.06; 254,30,0,35.75; 255,81,0,34.44; 255,66,0,34.84; 255,46,0,35.34; 255,71,0,34.84; 255,101,0,34.16; 255,105,0,34.16; 255,105,0,33.94; 255,69,0,34.84; 255,43,0,35.44; 255,38,0,35.56; 161,0,0,38.25; 255,80,0,34.44; 255,40,0,35.44; 255,45,0,35.25; 255,77,0,34.56; 255,34,0,35.56; 255,162,0,32.75; 255,151,0,33.25; 222,0,0,37.16; 255,109,0,34.06; 255,29,0,35.56; 255,28,0,35.66; 255,110,0,33.94; 255,47,0,35.16; 248,11,0,36.34; 255,115,0,33.94; 255,50,0,35.25; 254,30,0,35.84; 255,120,0,33.75; 255,219,0,31.66; 255,130,0,33.44; 255,54,0,34.94; 255,109,0,34.16; 255,58,0,34.66; 250,6,0,36.34; 255,124,0,33.66; 254,23,0,35.84; 255,126,0,33.66; 255,145,0,32.94
0,216,255,24.84; 181,255,75,29.34; 233,255,23,30.45; 193,255,63,29.66; 255,187,0,32.25; 255,172,0,32.75; 255,170,0,32.75; 255,90,0,34.16; 254,238,1,31.05; 255,223,0,31.55; 255,26,0,35.75; 255,140,0,33.34; 255,151,0,33.06; 188,255,68,29.55; 255,217,0,31.75; 255,36,0,35.44; 255,32,0,35.56; 255,193,0,32.25; 253,23,0,35.94; 255,72,0,34.75; 255,81,0,34.44; 243,3,0,36.75; 253,22,0,35.94; 246,6,0,36.34; 249,9,0,36.25; 255,156,0,32.84; 250,4,0,36.34; 255,154,0,32.94; 255,104,0,33.94; 255,163,0,32.66; 255,71,0,34.75; 255,71,0,34.66; 255,104,0,33.75; 255,50,0,35.34; 255,46,0,35.34; 255,63,0,34.75; 255,143,0,33.25; 255,140,0,33.25; 255,68,0,34.66; 255,181,0,32.34; 255,35,0,35.84; 255,195,0,31.84; 255,176,0,32.56; 255,106,0,33.94; 255,106,0,34.06; 255,145,0,33.16; 255,112,0,33.84; 255,150,0,32.94; 255,178,0,32.16; 255,105,0,33.94; 255,96,0,34.06; 255,175,0,32.66; 255,171,0,32.66; 255,66,0,34.75; 255,54,0,35.06; 255,37,0,35.56; 255,43,0,35.44; 255,83,0,34.34; 255,151,0,33.16; 238,2,0,36.75; 252,11,0,36.16; 255,201,0,32.06; 254,23,0,35.75; 255,119,0,33.56; 255,137,0,33.25; 236,2,0,36.75; 255,61,0,34.94; 255,136,0,33.34; 255,142,0,33.16; 255,63,0,34.75; 255,43,0,35.34; 255,47,0,35.44; 255,159,0,32.84; 255,138,0,33.34; 255,50,0,35.06; 255,42,0,35.25; 253,9,0,36.16; 255,179,0,32.34; 255,118,0,33.84; 255,56,0,35.06
0,114,255,22.66; 40,255,216,26.45; 144,255,112,28.55; 233,254,23,30.66; 228,255,28,30.34; 227,255,29,30.25; 255,76,0,34.66; 255,172,0,32.66; 255,87,0,34.56; 255,80,0,34.66; 254,231,1,31.34; 255,148,0,33.16; 255,156,0,32.94; 246,248,10,30.75; 211,255,45,30.05; 255,86,0,34.56; 255,115,0,33.84; 255,28,0,35.84; 255,170,0,32.75; 255,123,0,33.56; 255,85,0,34.25; 255,75,0,34.66; 255,169,0,32.66; 255,40,0,35.44; 255,207,0,31.66; 255,146,0,33.16; 255,64,0,34.94; 208,0,0,37.44; 255,131,0,33.44; 255,117,0,33.66; 255,75,0,34.66; 245,8,0,36.25; 255,77,0,34.56; 255,64,0,34.84; 255,44,0,35.44; 255,120,0,33.66; 255,186,0,32.25; 255,68,0,34.75; 255,50,0,35.16; 255,102,0,33.84; 255,50,0,35.34; 255,62,0,34.94; 255,166,0,32.84; 255,108,0,33.84; 200,0,0,37.34; 255,109,0,33.94; 255,177,0,32.25; 255,158,0,32.84; 255,165,0,32.66; 255,84,0,34.56; 255,98,0,34.06; 255,72,0,34.66; 255,62,0,34.94; 255,65,0,34.75; 255,189,0,32.25; 255,33,0,35.84; 255,213,0,31.55; 255,66,0,34.75; 255,53,0,35.16; 255,66,0,34.94; 254,25,0,35.75; 255,201,0,31.95; 255,118,0,33.75; 255,34,0,35.34; 255,116,0,33.75; 255,152,0,32.84; 255,45,0,35.25; 254,43,0,35.44; 255,132,0,33.44; 255,66,0,34.66; 211,0,0,37.44; 220,0,0,37.06; 255,144,0,33.16; 239,1,0,36.56; 255,170,0,32.44; 255,49,0,35.25; 255,153,0,32.84; 255,132,0,33.34; 255,128,0,33.56; 255,208,0,31.55
0,167,255,23.95; 63,255,193,27.05; 199,255,57,29.84; 188,255,68,29.55; 255,72,0,34.75; 255,173,0,32.66; 208,0,0,37.16; 255,63,0,35.16; 255,131,0,33.34; 255,94,0,34.34; 255,201,0,31.95; 255,153,0,33.06; 255,168,0,32.66; 255,104,0,34.16; 255,109,0,33.94; 255,147,0,33.16; 255,208,0,31.75; 255,193,0,32.06; 255,147,0,33.16; 255,83,0,34.56; 255,78,0,34.56; 255,212,0,31.75; 254,29,0,35.56; 255,77,0,34.44; 255,151,0,32.94; 255,74,0,34.66; 255,200,0,31.95; 255,114,0,33.75; 255,106,0,33.84; 255,140,0,33.16; 227,0,0,37.06; 255,70,0,34.75; 255,52,0,35.34; 255,104,0,33.94; 164,0,0,38.06; 255,76,0,34.56; 252,18,0,36.06; 254,31,0,35.56; 255,109,0,33.75; 255,238,0,31.05; 255,62,0,34.75; 255,175,0,32.44; 255,57,0,35.06; 255,114,0,33.84; 255,131,0,33.44; 255,81,0,34.84; 255,144,0,33.25; 250,2,0,36.16; 255,128,0,33.56; 255,68,0,34.94; 255,165,0,32.75; 255,208,0,31.66; 207,0,0,37.34; 252,20,0,36.16; 255,90,0,34.16; 255,56,0,35.16; 255,86,0,34.25; 255,101,0,33.94; 255,80,0,34.56; 249,6,0,36.25; 246,254,10,30.75; 252,10,0,36.16; 255,38,0,35.34; 253,23,0,35.75; 255,171,0,32.34; 255,90,0,34.25; 255,163,0,32.56; 167,0,0,38.06; 255,83,0,34.34; 255,42,0,35.34; 255,60,0,34.84; 255,121,0,33.75; 255,164,0,32.66; 255,128,0,33.56; 255,133,0,33.34; 251,9,0,36.16; 255,104,0,34.16; 255,61,0,34.94; 255,135,0,33.25; 255,79,0,34.56
42,255,214,26.55; 9,252,247,25.95; 63,255,193,27.05; 255,191,0,32.06; 230,255,26,30.45; 230,255,26,30.45; 255,90,0,34.25; 255,89,0,34.44; 255,109,0,33.75; 255,114,0,33.75; 255,113,0,33.75; 255,189,0,32.25; 255,184,0,32.34; 255,100,0,34.25; 255,25,0,35.66; 255,149,0,32.94; 254,24,0,35.66; 255,102,0,34.16; 255,81,0,34.66; 255,86,0,34.34; 255,192,0,32.16; 255,83,0,34.25; 255,37,0,35.44; 255,136,0,33.34; 255,67,0,34.75; 255,112,0,33.75; 255,205,0,31.95; 237,1,0,36.66; 255,88,0,34.44; 246,3,0,36.06; 255,74,0,34.75; 241,1,0,36.56; 255,51,0,35.25; 255,129,0,33.44; 255,194,0,32.16; 254,32,0,35.66; 255,207,0,31.84; 255,103,0,34.06; 247,5,0,36.56; 255,77,0,34.56; 255,62,0,34.94; 255,69,0,34.75; 255,202,0,31.66; 255,102,0,34.16; 255,168,0,32.56; 255,159,0,32.84; 255,96,0,34.56; 255,222,0,31.25; 255,138,0,33.44; 255,155,0,33.06; 255,101,0,34.06; 255,37,0,35.56; 255,154,0,33.16; 255,155,0,32.94; 228,255,28,30.34; 255,56,0,35.06; 255,90,0,34.25; 255,68,0,34.94; 255,73,0,34.66; 255,105,0,33.84; 255,70,0,34.66; 255,138,0,33.25; 255,61,0,34.84; 251,8,0,36.25; 255,137,0,33.34; 240,3,0,36.66; 255,71,0,34.66; 254,30,0,35.66; 255,74,0,34.56; 255,117,0,33.66; 252,25,0,35.94; 244,11,0,36.25; 236,2,0,36.56; 255,47,0,35.25; 255,61,0,34.84; 255,119,0,33.75; 255,109,0,34.06; 255,67,0,34.84; 255,82,0,34.56; 255,68,0,34.84
7,250,249,25.84; 43,255,213,26.55; 153,255,103,28.95; 233,255,23,30.45; 255,87,0,34.34; 255,96,0,34.16; 255,122,0,33.34; 255,58,0,35.25; 255,111,0,33.84; 253,26,0,35.75; 255,196,0,32.16; 222,255,34,30.25; 255,99,0,34.44; 255,163,0,32.84; 255,23,0,35.75; 210,1,0,37.16; 255,141,0,33.25; 255,104,0,34.16; 254,30,0,35.56; 243,5,0,36.56; 254,27,0,35.66; 255,219,0,31.45; 254,31,0,35.56; 254,27,0,35.75; 255,67,0,34.75; 255,79,0,34.56; 255,98,0,34.06; 255,94,0,34.16; 255,84,0,34.56; 255,98,0,34.06; 255,93,0,34.16; 235,1,0,36.75; 255,136,0,33.06; 255,66,0,34.84; 255,62,0,34.84; 252,11,0,36.25; 255,74,0,34.66; 255,99,0,34.06; 255,48,0,35.25; 248,10,0,36.25; 254,33,0,35.75; 255,126,0,33.44; 255,149,0,33.06; 255,139,0,33.25; 255,112,0,33.94; 255,169,0,32.34; 255,152,0,32.94; 244,2,0,36.34; 221,0,0,37.25; 255,207,0,31.84; 255,85,0,34.56; 255,159,0,32.94; 219,0,0,37.06; 255,151,0,33.16; 255,197,0,32.06; 255,69,0,34.66; 249,7,0,36.25; 255,208,0,31.75; 255,123,0,33.34; 255,103,0,33.94; 255,139,0,33.25; 255,62,0,34.94; 255,68,0,34.66; 255,152,0,33.06; 255,126,0,33.56; 255,77,0,34.56; 250,20,0,35.94; 239,7,0,36.44; 239,6,0,36.56; 255,117,0,33.66; 255,122,0,33.56; 255,47,0,35.16; 255,53,0,35.06; 255,68,0,34.66; 255,188,0,32.06; 255,108,0,34.06; 198,255,58,29.75; 255,143,0,33.06; 255,235,0,31.34; 255,55,0,35.16
0,159,255,23.66; 2,230,253,25.34; 127,255,129,28.25; 233,255,23,30.45; 255,75,0,34.94; 255,91,0,34.25; 255,75,0,34.84; 255,87,0,34.56; 255,208,0,31.84; 255,113,0,33.75; 255,204,0,31.84; 215,0,0,37.25; 255,224,0,31.16; 255,122,0,33.66; 255,164,0,32.66; 255,116,0,33.75; 255,128,0,33.44; 255,104,0,34.06; 246,9,0,36.44; 252,19,0,35.84; 255,41,0,35.25; 210,255,46,30.05; 250,12,0,36.25; 255,44,0,35.25; 255,134,0,33.44; 255,209,0,31.84; 255,68,0,34.75; 255,207,0,31.84; 128,0,0,38.75; 246,5,0,36.34; 255,75,0,34.66; 247,6,0,36.16; 255,128,0,33.44; 255,48,0,35.25; 255,88,0,34.25; 255,132,0,33.25; 255,99,0,33.94; 248,5,0,36.44; 254,238,1,31.34; 255,89,0,34.25; 255,69,0,34.75; 255,95,0,34.16; 255,65,0,35.06; 255,71,0,34.84; 255,102,0,34.16; 255,112,0,33.75; 232,0,0,36.66; 255,166,0,32.75; 255,188,0,32.25; 255,173,0,32.56; 255,85,0,34.56; 249,9,0,36.25; 228,255,28,30.45; 255,40,0,35.34; 252,16,0,35.94; 244,3,0,36.75; 255,103,0,33.94; 255,122,0,33.44; 255,101,0,34.06; 255,81,0,34.56; 255,61,0,35.16; 255,85,0,34.25; 255,60,0,35.06; 255,189,0,32.16; 255,67,0,34.75; 255,51,0,35.16; 255,78,0,34.56; 255,65,0,34.84; 254,32,0,35.56; 236,2,0,36.94; 255,41,0,35.44; 255,110,0,33.94; 255,51,0,35.06; 255,139,0,32.94; 255,123,0,33.66; 254,48,0,35.44; 255,230,0,31.34; 255,142,0,33.06; 255,132,0,33.66; 255,140,0,33.44
0,59,255,21.55; 0,205,255,24.66; 135,255,121,28.55; 242,255,14,30.75; 241,254,15,30.75; 255,97,0,34.06; 255,121,0,33.44; 255,108,0,33.84; 255,85,0,34.56; 255,137,0,33.06; 239,2,0,36.56; 248,9,0,36.16; 255,192,0,32.06; 222,255,34,30.25; 255,111,0,33.94; 255,125,0,33.66; 255,153,0,32.84; 253,24,0,35.75; 239,2,0,36.75; 255,35,0,35.34; 255,133,0,33.34; 255,153,0,32.94; 255,162,0,32.44; 253,17,0,35.84; 255,156,0,32.94; 255,37,0,35.44; 255,166,0,32.75; 255,39,0,35.44; 255,75,0,34.75; 255,85,0,34.44; 255,93,0,34.16; 255,82,0,34.56; 255,119,0,33.56; 215,0,0,37.44; 252,21,0,35.94; 255,107,0,33.84; 255,57,0,35.06; 255,137,0,33.16; 254,38,0,35.56; 252,248,3,30.84; 255,101,0,34.06; 255,163,0,32.66; 255,129,0,33.34; 255,112,0,33.94; 255,118,0,33.75; 255,53,0,35.34; 182,255,74,29.45; 255,116,0,33.84; 255,114,0,33.75; 255,197,0,31.84; 244,3,0,36.34; 255,143,0,33.44; 255,192,0,32.06; 255,48,0,35.06; 255,196,0,31.95; 255,142,0,33.25; 255,48,0,35.25; 248,7,0,36.25; 255,64,0,34.94; 254,27,0,35.75; 244,2,0,36.75; 255,198,0,31.95; 255,66,0,34.75; 250,4,0,36.16; 255,183,0,32.34; 255,172,0,32.44; 244,2,0,36.75; 255,90,0,34.16; 255,153,0,33.06; 254,39,0,35.56; 254,37,0,35.56; 255,51,0,35.16; 255,57,0,34.94; 255,111,0,33.84; 255,64,0,34.75; 255,134,0,33.44; 247,6,0,36.44; 255,168,0,32.44; 252,21,0,35.75; 255,150,0,33.16
0,58,255,21.84; 0,200,255,24.55; 26,255,230,26.16; 255,199,0,32.16; 255,196,0,32.34; 255,199,0,32.16; 255,215,0,31.55; 255,193,0,32.34; 255,121,0,33.66; 255,120,0,33.66; 255,65,0,34.94; 255,121,0,33.75; 255,144,0,33.16; 255,161,0,32.84; 255,104,0,34.16; 255,79,0,34.56; 255,47,0,35.34; 255,145,0,32.94; 255,48,0,35.16; 247,7,0,36.16; 255,112,0,33.84; 255,78,0,34.56; 248,3,0,36.56; 249,6,0,36.44; 255,135,0,33.44; 254,24,0,35.75; 253,23,0,35.94; 255,63,0,34.84; 255,50,0,35.16; 255,84,0,34.25; 249,8,0,36.34; 253,24,0,35.66; 255,76,0,34.66; 234,2,0,36.84; 231,3,0,36.75; 255,65,0,34.94; 255,85,0,34.34; 254,239,2,31.25; 255,70,0,34.75; 252,247,3,30.84; 255,80,0,34.56; 255,160,0,32.84; 255,170,0,32.44; 255,83,0,34.56; 255,109,0,33.94; 255,145,0,33.06; 255,80,0,34.66; 255,104,0,34.16; 255,118,0,33.75; 249,6,0,36.44; 255,46,0,35.25; 255,173,0,32.56; 255,170,0,32.75; 255,174,0,32.66; 255,98,0,34.06; 253,21,0,35.94; 255,107,0,33.94; 255,92,0,34.34; 255,130,0,33.34; 249,8,0,36.25; 255,155,0,32.94; 255,108,0,33.94; 255,63,0,34.94; 255,59,0,34.94; 255,130,0,33.56; 252,6,0,36.25; 254,30,0,35.66; 255,81,0,34.25; 149,0,0,38.34; 255,66,0,34.75; 255,46,0,35.34; 255,109,0,33.94; 252,19,0,36.34; 255,81,0,34.56; 255,121,0,33.75; 255,146,0,33.06; 255,142,0,33.25; 246,6,0,36.44; 246,5,0,36.44; 254,28,0,35.56
0,126,255,23.16; 0,119,255,22.95; 43,255,213,26.55; 111,255,145,27.95; 111,255,145,27.95; 255,201,0,31.95; 255,63,0,35.25; 255,88,0,34.56; 255,83,0,34.56; 162,255,94,29.05; 255,134,0,33.34; 255,120,0,33.75; 255,218,0,31.66; 255,167,0,32.56; 255,55,0,35.06; 255,68,0,34.75; 255,60,0,34.94; 245,9,0,36.25; 255,52,0,35.06; 242,1,0,36.75; 255,117,0,33.75; 248,7,0,36.16; 246,2,0,36.34; 255,150,0,33.16; 255,81,0,34.44; 255,213,0,31.66; 250,9,0,36.44; 184,0,0,37.66; 255,79,0,34.56; 254,22,0,35.75; 182,0,0,37.56; 255,101,0,33.84; 255,30,0,35.34; 255,118,0,33.44; 247,9,0,36.25; 255,39,0,35.44; 255,71,0,34.75; 255,170,0,32.56; 255,87,0,34.16; 255,53,0,35.25; 255,72,0,34.66; 253,239,2,31.25; 255,128,0,33.34; 255,58,0,35.06; 255,61,0,34.94; 255,131,0,33.25; 255,61,0,34.94; 255,44,0,35.44; 94,255,162,27.66; 255,58,0,34.84; 255,173,0,32.56; 255,40,0,35.44; 255,229,0,31.16; 255,50,0,35.16; 255,111,0,33.75; 255,84,0,34.44; 255,187,0,32.34; 255,168,0,32.66; 255,108,0,33.94; 254,29,0,35.56; 255,112,0,34.06; 255,210,0,31.66; 255,60,0,34.84; 255,135,0,33.34; 253,7,0,36.16; 255,148,0,33.25; 252,9,0,36.16; 255,169,0,32.66; 255,55,0,35.06; 255,169,0,32.44; 255,74,0,34.44; 177,0,0,37.84; 255,124,0,33.44; 255,63,0,34.94; 253,28,0,35.66; 255,187,0,32.16; 255,152,0,32.94; 255,32,0,35.25; 255,203,0,31.95; 255,155,0,32.94
0,133,255,23.45; 64,255,192,27.05; 0,193,255,24.34; 48,255,208,26.75; 243,253,13,30.66; 243,252,13,30.66; 253,235,2,31.16; 255,198,0,32.25; 255,115,0,33.84; 253,248,2,30.84; 255,69,0,34.75; 255,41,0,35.34; 255,152,0,32.94; 252,248,3,30.95; 213,0,0,37.25; 255,66,0,34.75; 255,50,0,35.34; 255,167,0,32.44; 255,89,0,34.34; 255,113,0,33.75; 255,66,0,34.84; 255,160,0,32.75; 255,79,0,34.56; 255,89,0,34.06; 255,186,0,32.25; 255,213,0,31.55; 255,34,0,35.44; 255,25,0,35.66; 255,77,0,34.56; 255,192,0,32.16; 152,0,0,38.56; 254,19,0,35.84; 255,195,0,32.16; 255,85,0,34.44; 254,23,0,35.75; 255,84,0,34.56; 255,112,0,33.56; 211,0,0,37.25; 255,78,0,34.56; 255,46,0,35.56; 255,214,0,31.84; 255,176,0,32.44; 255,103,0,34.06; 255,120,0,33.66; 255,116,0,33.75; 255,179,0,32.16; 254,22,0,35.94; 255,142,0,33.06; 255,111,0,33.84; 254,30,0,35.75; 255,145,0,33.25; 255,52,0,35.06; 255,67,0,34.66; 156,0,0,38.25; 255,79,0,34.44; 255,188,0,32.16; 255,65,0,34.84; 255,225,0,31.16; 255,164,0,32.84; 255,206,0,31.84; 255,171,0,32.56; 255,142,0,33.34; 255,176,0,32.44; 255,11,0,36.06; 255,143,0,33.25; 255,52,0,35.06; 255,177,0,32.44; 255,81,0,34.44; 255,65,0,34.84; 255,70,0,34.75; 255,125,0,33.66; 254,40,0,35.66; 255,125,0,33.44; 255,115,0,33.94; 254,29,0,35.66; 255,131,0,33.44; 255,53,0,34.84; 254,26,0,35.56; 255,148,0,33.25; 255,146,0,33.06
0,30,255,21.05; 0,211,255,25.05; 0,111,255,22.45; 44,255,212,26.55; 7,249,249,25.84; 255,214,0,31.66; 253,234,2,31.05; 255,196,0,32.34; 255,146,0,33.06; 209,0,0,37.16; 254,34,0,35.66; 255,99,0,34.34; 255,42,0,35.34; 255,164,0,32.75; 221,2,0,36.75; 255,173,0,32.75; 255,101,0,33.84; 255,109,0,33.84; 255,84,0,34.34; 255,158,0,32.84; 255,142,0,33.16; 255,69,0,34.84; 255,50,0,35.34; 255,72,0,34.66; 248,6,0,36.44; 251,13,0,36.16; 255,156,0,32.94; 255,135,0,33.34; 179,0,0,37.84; 255,187,0,32.25; 254,20,0,35.94; 255,21,0,35.94; 255,92,0,34.25; 255,182,0,32.44; 255,220,0,31.55; 255,100,0,34.06; 252,13,0,36.25; 255,223,0,31.75; 255,69,0,34.66; 255,74,0,34.56; 255,47,0,35.44; 255,54,0,35.16; 255,98,0,34.16; 255,56,0,35.16; 255,59,0,35.06; 255,64,0,34.94; 253,13,0,36.34; 255,69,0,34.66; 255,138,0,33.25; 255,212,0,31.66; 255,38,0,35.56; 255,47,0,35.25; 255,165,0,32.75; 255,187,0,32.16; 254,25,0,35.75; 255,202,0,31.75; 255,26,0,35.56; 237,3,0,36.94; 255,130,0,33.56; 255,151,0,33.06; 255,165,0,32.75; 255,118,0,33.75; 255,138,0,33.44; 255,168,0,32.56; 255,32,0,35.44; 255,17,0,35.75; 255,64,0,34.66; 255,181,0,32.25; 255,163,0,32.84; 255,152,0,33.06; 255,63,0,34.75; 255,127,0,33.56; 255,137,0,33.25; 255,108,0,34.06; 255,120,0,33.75; 253,18,0,36.34; 254,29,0,35.75; 118,255,138,28.16; 255,225,0,31.45; 254,227,1,31.45
0,26,254,21.16; 0,115,255,22.75; 0,111,255,22.75; 66,255,190,27.16; 1,238,254,25.55; 23,255,233,26.16; 237,255,19,30.45; 255,221,0,31.75; 255,144,0,33.25; 255,141,0,33.25; 255,41,0,35.25; 255,124,0,33.75; 255,129,0,33.56; 232,255,24,30.45; 255,52,0,35.16; 255,89,0,34.25; 255,49,0,35.44; 240,2,0,36.66; 255,119,0,33.66; 255,103,0,34.06; 255,142,0,33.16; 255,57,0,35.16; 255,63,0,34.94; 255,85,0,34.34; 255,44,0,35.44; 254,27,0,35.75; 255,114,0,33.75; 255,193,0,32.16; 255,126,0,33.56; 255,144,0,33.06; 255,134,0,33.34; 200,1,0,37.16; 255,117,0,33.75; 193,0,0,37.44; 255,39,0,35.25; 255,120,0,33.44; 255,98,0,34.06; 255,103,0,33.94; 255,56,0,35.06; 209,1,0,37.06; 255,229,0,31.25; 255,82,0,34.56; 255,119,0,33.66; 255,97,0,34.16; 255,159,0,32.75; 255,117,0,33.66; 255,69,0,34.84; 255,71,0,34.75; 254,21,0,35.94; 255,125,0,33.66; 255,103,0,34.06; 254,246,1,30.95; 255,144,0,33.25; 255,61,0,34.84; 255,167,0,32.84; 255,39,0,35.25; 254,23,0,35.75; 248,12,0,36.16; 255,199,0,32.06; 255,78,0,34.66; 241,2,0,36.75; 255,214,0,31.55; 254,27,0,35.75; 227,255,29,30.45; 255,190,0,32.16; 255,232,0,31.25; 255,132,0,33.66; 255,136,0,33.56; 255,216,0,31.66; 255,138,0,33.34; 255,74,0,34.56; 255,110,0,33.94; 255,143,0,32.94; 255,62,0,34.94; 255,165,0,32.56; 255,124,0,33.66; 255,166,0,32.66; 255,134,0,33.56; 229,255,27,30.34; 231,255,25,30.45
0,164,255,23.95; 0,121,255,23.05; 0,26,254,20.95; 0,169,255,24.05; 0,171,255,24.05; 0,181,255,24.34; 138,255,118,28.55; 255,214,0,31.84; 255,200,0,32.06; 254,236,1,31.05; 255,122,0,33.84; 254,32,0,35.66; 255,214,0,31.55; 255,115,0,33.75; 255,194,0,32.06; 255,50,0,35.44; 255,54,0,35.06; 219,0,0,37.25; 255,65,0,34.84; 255,58,0,35.06; 255,55,0,35.16; 255,160,0,32.75; 192,0,0,37.44; 255,78,0,34.56; 255,77,0,34.66; 255,145,0,33.06; 255,72,0,34.66; 255,95,0,34.16; 255,183,0,32.34; 255,53,0,35.16; 255,68,0,34.75; 255,63,0,34.84; 255,99,0,34.16; 188,0,0,37.84; 190,0,0,37.56; 255,32,0,35.56; 255,235,0,31.05; 255,63,0,34.84; 254,35,0,35.66; 255,48,0,35.25; 255,215,0,31.66; 255,68,0,34.75; 255,136,0,33.25; 255,91,0,34.25; 252,25,0,35.94; 255,81,0,34.44; 255,86,0,34.25; 255,178,0,32.34; 255,43,0,35.44; 255,62,0,34.94; 255,96,0,34.25; 255,100,0,34.16; 255,99,0,34.06; 250,9,0,36.44; 255,157,0,33.06; 252,17,0,35.94; 253,20,0,35.75; 255,39,0,35.34; 242,6,0,36.44; 255,91,0,34.34; 255,82,0,34.56; 255,151,0,33.06; 255,33,0,35.56; 255,25,0,35.75; 255,65,0,34.66; 177,255,79,29.25; 183,255,73,29.55; 255,167,0,32.56; 255,57,0,35.16; 255,54,0,35.16; 255,163,0,32.56; 255,59,0,34.94; 255,56,0,35.16; 253,33,0,35.75; 255,51,0,35.16; 255,95,0,34.25; 255,56,0,35.06; 242,250,13,30.75; 255,175,0,32.56; 32,255,224,26.45
0,33,255,21.34; 0,6,250,20.45; 0,167,255,24.05; 0,143,255,23.45; 0,110,255,22.66; 0,225,255,25.16; 196,255,60,29.75; 255,231,0,31.34; 255,233,0,31.16; 255,227,0,31.45; 252,14,0,36.34; 255,135,0,33.34; 255,154,0,32.84; 255,142,0,33.25; 255,68,0,34.75; 255,69,0,34.75; 255,79,0,34.44; 255,131,0,33.34; 255,43,0,35.44; 244,5,0,36.34; 255,105,0,33.94; 255,86,0,34.25; 255,94,0,33.94; 255,83,0,34.44; 255,34,0,35.56; 255,87,0,34.34; 255,221,0,31.34; 255,112,0,33.75; 255,71,0,34.66; 255,81,0,34.44; 255,56,0,35.06; 255,145,0,33.16; 255,31,0,35.66; 255,108,0,33.94; 255,29,0,35.56; 255,30,0,35.66; 255,96,0,34.25; 255,146,0,33.06; 255,48,0,35.16; 255,183,0,32.34; 255,230,0,31.25; 255,187,0,32.34; 255,106,0,33.84; 244,3,0,36.66; 255,69,0,34.84; 255,88,0,34.34; 255,174,0,32.44; 255,104,0,33.94; 255,219,0,31.45; 255,152,0,32.94; 255,76,0,34.66; 255,133,0,33.34; 255,42,0,35.34; 255,169,0,32.66; 252,10,0,36.34; 255,183,0,32.34; 255,100,0,34.06; 255,230,0,31.25; 255,144,0,33.16; 255,230,0,31.34; 255,159,0,32.84; 255,93,0,34.25; 255,68,0,34.84; 255,152,0,33.25; 152,255,104,28.75; 213,255,43,30.05; 254,242,1,31.05; 253,17,0,35.94; 255,145,0,33.25; 246,2,0,36.66; 255,53,0,35.16; 255,208,0,31.75; 255,103,0,34.06; 255,208,0,31.84; 255,69,0,34.75; 255,166,0,32.66; 255,81,0,34.56; 255,137,0,33.44; 174,255,82,29.25; 20,254,236,25.95
0,4,248,20.05; 0,119,255,22.95; 0,65,255,21.75; 0,153,255,23.55; 0,229,255,25.34; 29,255,227,26.25; 49,255,207,26.75; 255,159,0,33.16; 255,164,0,32.75; 255,157,0,32.84; 255,33,0,35.34; 255,141,0,33.25; 222,255,34,30.25; 255,104,0,34.16; 255,197,0,31.95; 255,69,0,34.94; 255,136,0,33.44; 249,8,0,36.25; 255,157,0,32.84; 255,139,0,33.25; 255,96,0,34.16; 255,163,0,32.56; 255,38,0,35.56; 255,90,0,34.16; 255,84,0,34.44; 255,87,0,34.25; 255,29,0,35.84; 255,57,0,35.06; 255,57,0,35.06; 255,231,0,31.45; 255,30,0,35.94; 255,36,0,35.66; 255,146,0,33.16; 255,56,0,34.94; 255,92,0,34.34; 255,33,0,35.44; 237,5,0,36.66; 255,114,0,33.75; 255,100,0,34.06; 254,34,0,35.56; 255,167,0,32.84; 255,88,0,34.25; 255,45,0,35.25; 255,73,0,34.75; 255,128,0,33.34; 255,107,0,33.84; 255,87,0,34.44; 255,152,0,32.94; 255,25,0,35.66; 255,134,0,33.34; 255,175,0,32.44; 255,134,0,33.34; 255,90,0,34.44; 255,96,0,34.16; 255,88,0,34.34; 255,213,0,31.66; 255,59,0,34.84; 213,1,0,37.16; 255,59,0,34.94; 255,98,0,34.06; 255,161,0,32.56; 255,97,0,34.06; 255,73,0,34.75; 3,244,253,25.75; 18,255,238,26.16; 255,153,0,32.94; 254,241,1,31.34; 255,134,0,33.34; 255,67,0,34.66; 182,255,74,29.45; 237,253,19,30.55; 255,100,0,34.16; 255,119,0,33.75; 240,5,0,36.56; 255,107,0,33.94; 255,143,0,33.16; 255,183,0,32.06; 32,255,224,26.34; 32,255,224,26.34; 0,205,255,24.84
0,5,249,20.55; 0,104,255,22.45; 0,226,255,25.45; 40,255,216,26.66; 0,204,255,24.66; 100,255,156,27.84; 189,255,67,29.55; 219,255,37,30.25; 255,173,0,32.56; 255,200,0,31.95; 252,18,0,35.84; 255,145,0,33.16; 255,192,0,32.16; 255,91,0,34.34; 222,0,0,37.06; 255,170,0,32.75; 254,18,0,35.94; 255,118,0,33.75; 255,166,0,32.75; 255,82,0,34.56; 255,62,0,34.84; 255,79,0,34.66; 186,0,0,37.75; 255,49,0,35.34; 255,205,0,32.06; 147,0,0,38.56; 222,255,34,30.25; 255,32,0,35.66; 255,91,0,34.16; 255,161,0,32.84; 255,158,0,32.84; 255,235,0,31.16; 255,113,0,33.75; 255,27,0,35.75; 255,174,0,32.44; 255,121,0,33.56; 250,15,0,36.16; 255,93,0,34.25; 255,161,0,32.94; 255,176,0,32.44; 255,188,0,32.16; 255,171,0,32.84; 255,108,0,33.84; 255,46,0,35.25; 254,32,0,35.56; 248,10,0,36.34; 202,0,0,37.44; 254,23,0,35.75; 255,207,0,31.75; 254,13,0,36.16; 255,30,0,35.56; 128,0,0,38.75; 252,6,0,36.16; 255,177,0,32.44; 254,27,0,35.56; 255,58,0,34.94; 254,23,0,35.94; 255,40,0,35.44; 255,135,0,33.34; 255,99,0,34.16; 255,102,0,33.94; 255,36,0,35.66; 103,255,153,27.84; 98,255,158,27.75; 215,255,41,30.25; 253,250,3,30.84; 255,200,0,32.06; 251,6,0,36.16; 250,7,0,36.25; 255,37,0,35.44; 255,150,0,33.06; 255,105,0,34.16; 255,206,0,31.95; 253,246,2,30.84; 255,139,0,33.34; 255,153,0,32.94; 253,248,2,31.05; 96,255,160,27.75; 61,255,195,26.95; 0,103,255,22.55
0,20,252,20.84; 0,191,255,24.55; 0,96,255,22.34; 0,206,255,24.75; 0,189,255,24.25; 80,255,176,27.34; 255,229,0,31.34; 255,233,0,31.05; 255,156,0,32.94; 255,144,0,33.34; 255,120,0,34.06; 255,139,0,33.34; 255,120,0,33.75; 255,97,0,34.25; 255,157,0,32.94; 255,93,0,34.25; 255,190,0,32.16; 252,8,0,36.16; 255,25,0,35.56; 255,125,0,33.66; 254,16,0,35.94; 255,72,0,34.75; 251,10,0,36.25; 233,1,0,36.94; 255,86,0,34.34; 255,85,0,34.44; 255,88,0,34.25; 255,172,0,32.56; 255,27,0,35.75; 255,97,0,33.94; 255,82,0,34.56; 255,68,0,34.84; 255,55,0,35.06; 255,102,0,34.16; 255,83,0,34.44; 255,123,0,33.44; 255,169,0,32.56; 253,26,0,35.84; 237,2,0,36.84; 245,13,0,36.44; 255,47,0,35.06; 255,205,0,31.55; 255,59,0,34.84; 249,13,0,36.34; 254,28,0,35.75; 255,114,0,33.75; 254,21,0,35.84; 255,133,0,33.34; 255,93,0,34.34; 255,35,0,35.44; 255,189,0,32.25; 255,195,0,31.84; 255,136,0,33.34; 252,4,0,36.34; 255,84,0,34.56; 185,0,0,37.84; 255,32,0,35.66; 255,32,0,35.75; 255,50,0,35.16; 255,39,0,35.44; 246,255,10,30.75; 79,255,177,27.25; 0,150,255,23.66; 0,235,255,25.25; 107,255,149,28.05; 211,255,45,30.05; 253,247,2,30.95; 255,119,0,33.75; 254,241,2,31.25; 255,91,0,34.44; 254,238,1,31.25; 255,148,0,33.16; 254,240,1,31.05; 255,225,0,31.55; 255,149,0,33.16; 206,255,50,29.95; 64,255,192,27.05; 41,255,215,26.55; 0,118,255,23.05; 0,189,255,24.55
0,193,255,24.55; 0,109,255,22.84; 0,103,255,22.66; 25,255,231,26.16; 0,100,255,22.45; 35,255,221,26.45; 184,255,72,29.55; 255,189,0,32.34; 255,214,0,31.66; 254,23,0,35.56; 255,133,0,33.56; 255,159,0,32.75; 243,5,0,36.44; 255,124,0,33.66; 166,255,90,29.16; 255,181,0,32.56; 255,187,0,32.34; 255,190,0,32.16; 255,225,0,31.25; 255,122,0,33.75; 255,175,0,32.44; 255,129,0,33.44; 255,43,0,35.25; 255,89,0,34.25; 255,143,0,33.16; 255,37,0,35.44; 255,75,0,34.75; 255,31,0,35.66; 255,85,0,34.34; 255,87,0,34.44; 255,231,0,31.34; 255,167,0,32.84; 255,167,0,32.84; 255,191,0,32.06; 255,174,0,32.56; 255,121,0,33.66; 255,54,0,35.06; 255,55,0,34.94; 255,104,0,33.94; 254,33,0,35.66; 255,168,0,32.75; 255,38,0,35.44; 255,40,0,35.44; 255,62,0,34.75; 255,35,0,35.44; 255,62,0,34.75; 255,112,0,33.94; 255,138,0,33.16; 255,131,0,33.34; 255,132,0,33.44; 255,128,0,33.66; 255,67,0,34.84; 255,151,0,33.06; 251,3,0,36.25; 255,174,0,32.34; 255,169,0,32.75; 255,131,0,33.66; 255,169,0,32.56; 255,63,0,34.75; 255,155,0,32.94; 51,255,205,26.75; 204,255,52,29.84; 0,148,255,23.34; 0,234,255,25.25; 210,255,46,30.05; 255,153,0,32.94; 255,111,0,34.06; 255,119,0,33.75; 247,251,8,30.75; 235,255,21,30.45; 255,143,0,33.34; 255,150,0,33.16; 255,161,0,32.66; 255,153,0,32.94; 86,255,170,27.55; 70,255,186,27.16; 16,255,240,26.05; 0,166,255,23.95; 0,81,255,21.95; 0,146,255,23.45
0,2,235,19.75; 0,167,255,23.84; 0,137,255,23.34; 0,133,255,23.34; 0,78,255,21.66; 7,249,248,25.75; 98,255,158,27.84; 255,216,0,31.84; 180,255,76,29.25; 255,161,0,32.84; 255,141,0,33.25; 255,180,0,32.16; 255,205,0,31.55; 255,61,0,35.16; 255,71,0,34.94; 253,10,0,35.94; 255,201,0,31.84; 243,3,0,36.75; 255,128,0,33.66; 165,0,0,38.06; 254,28,0,35.56; 255,132,0,33.25; 250,6,0,36.25; 255,128,0,33.56; 250,8,0,36.16; 255,163,0,32.75; 255,24,0,35.84; 255,105,0,33.66; 255,217,0,31.75; 255,37,0,35.44; 255,83,0,34.44; 255,100,0,33.84; 226,255,30,30.34; 255,214,0,31.55; 255,54,0,35.34; 255,110,0,33.94; 255,234,0,31.16; 255,63,0,34.75; 255,45,0,35.25; 255,39,0,35.44; 255,172,0,32.84; 255,66,0,34.44; 255,68,0,34.56; 254,30,0,35.75; 255,120,0,33.34; 255,159,0,32.44; 255,23,0,35.84; 255,66,0,34.84; 242,254,14,30.66; 255,88,0,34.34; 255,64,0,34.94; 255,95,0,34.25; 255,87,0,34.34; 255,135,0,33.56; 255,163,0,32.66; 255,158,0,33.06; 255,113,0,33.84; 255,55,0,34.75; 255,181,0,32.06; 0,187,255,24.55; 25,255,231,26.16; 0,160,255,23.95; 0,60,255,21.75; 92,255,164,27.55; 194,255,62,29.55; 255,222,0,31.84; 255,158,0,32.84; 254,242,2,31.25; 255,83,0,34.84; 255,137,0,33.34; 255,184,0,32.25; 255,239,0,31.05; 255,152,0,33.06; 255,214,0,31.84; 134,255,122,28.45; 12,254,243,25.95; 7,253,248,25.66; 52,255,204,26.75; 0,108,255,22.66; 0,182,255,24.45